Adres dagen op adres,Adres aantal verschillende wijken,Adres recentst onderdeel rdam,Adres unieke wijk ratio,Adres aantal brp adres,Adres aantal verzendadres,Adres aantal woonadres handmatig,Adres recentste plaats other,Adres recentste plaats rotterdam,Adres recentste buurt groot ijsselmonde,Adres recentste buurt nieuwe westen,Adres recentste buurt other,Adres recentste buurt oude noorden,Adres recentste buurt vreewijk,Adres recentste wijk charlois,Adres recentste wijk delfshaven,Adres recentste wijk feijenoord,Adres recentste wijk ijsselmonde,Adres recentste wijk kralingen c,Adres recentste wijk noord,Adres recentste wijk other,Adres recentste wijk prins alexa,Adres recentste wijk stadscentru,Contacten soort anders,Contacten soort document  inkomend ,Contacten soort document  uitgaand ,Contacten soort e mail  inkomend ,Contacten soort e mail  uitgaand ,Contacten soort gesprek op locatie,Contacten soort groepsbijeenkomsten,Contacten soort rapportage deelname,Contacten soort rapportage rib,Contacten soort telefoontje  inkomend ,Contacten soort telefoontje  uitgaand ,Contacten soort afgelopenjaar anders,Contacten soort afgelopenjaar document  inkomend ,Contacten soort afgelopenjaar document  uitgaand ,Contacten soort afgelopenjaar e mail  inkomend ,Contacten soort afgelopenjaar e mail  uitgaand ,Contacten soort afgelopenjaar gesprek,Contacten soort afgelopenjaar gesprek op locatie,Contacten soort afgelopenjaar rapportage rib,Contacten soort afgelopenjaar telefoontje  inkomend ,Contacten soort afgelopenjaar telefoontje  uitgaand ,Contacten onderwerp  arbeids motivatie,Contacten onderwerp  pre  intake,Contacten onderwerp  werk intake,Contacten onderwerp arbeidsdiagnose dariuz,Contacten onderwerp beoordelen taaleis,Contacten onderwerp contact derden,Contacten onderwerp contact met aanbieder,Contacten onderwerp diagnosegesprek,Contacten onderwerp documenten  innemen ,Contacten onderwerp documenttype  cv ,Contacten onderwerp documenttype  overeenkomst ,Contacten onderwerp financiële situatie,Contacten onderwerp groepsbijeenkomst,Contacten onderwerp inkomen,Contacten onderwerp inname aanvraag,Contacten onderwerp inspanningstoets,Contacten onderwerp maatregel overweging,Contacten onderwerp matching,Contacten onderwerp mutatie,Contacten onderwerp no show,Contacten onderwerp overige,Contacten onderwerp overleg met inkomen,Contacten onderwerp quickscan,Contacten onderwerp scholing,Contacten onderwerp screening,Contacten onderwerp terugbelverzoek,Contacten onderwerp traject,Contacten onderwerp uitnodiging,Contacten onderwerp vakantie,Contacten onderwerp werkintake  niet verschenen,Contacten onderwerp ziek  of afmelding,Contacten onderwerp zorg,Contacten onderwerp boolean  arbeids motivatie,Contacten onderwerp boolean  pre  intake,Contacten onderwerp boolean  werk intake,Contacten onderwerp boolean beoordelen taaleis,Contacten onderwerp boolean contact derden,Contacten onderwerp boolean contact met aanbieder,Contacten onderwerp boolean diagnosegesprek,Contacten onderwerp boolean documenten  innemen ,Contacten onderwerp boolean documenttype  cv ,Contacten onderwerp boolean documenttype  diploma s en certificaten ,Contacten onderwerp boolean documenttype  overeenkomst ,Contacten onderwerp boolean financiële situatie,Contacten onderwerp boolean groepsbijeenkomst,Contacten onderwerp boolean inkomen,Contacten onderwerp boolean maatregel overweging,Contacten onderwerp boolean match   werk,Contacten onderwerp boolean matching,Contacten onderwerp boolean motivatie,Contacten onderwerp boolean mutatie,Contacten onderwerp boolean no show,Contacten onderwerp boolean overige,Contacten onderwerp boolean overleg met inkomen,Contacten onderwerp boolean scholing,Contacten onderwerp boolean sollicitatie,Contacten onderwerp boolean taaleis   voldoet,Contacten onderwerp boolean terugbelverzoek,Contacten onderwerp boolean traject,Contacten onderwerp boolean uitnodiging,Contacten onderwerp boolean ziek  of afmelding,Contacten onderwerp boolean zorg,Beschikbaarheid huidig bekend,Beschikbaarheid huidig afwijkend wegens medische omstandigheden,Beschikbaarheid recent afwijkend wegens medische omstandigheden,Beschikbaarheid recent afwijkend wegens sociaal maatschappelijke situatie,Beschikbaarheid aantal historie afwijkend wegens medische omstandigheden,Beschikbaarheid aantal historie afwijkend wegens sociaal maatschappelijke situatie,Relatie partner aantal partner   partner  gehuwd ,Relatie partner aantal partner   partner  ongehuwd ,Relatie partner huidige partner   partner  gehuwd ,Relatie partner totaal dagen partner,Pla einde doelstelling bereikt,Pla einde doelstelling bereikt  nieuw trajectplan,Pla einde doelstelling bereikt  overdracht,Pla einde doelstelling niet bereikt,Pla einde doelstelling niet bereikt  nieuw trajectplan,Pla einde doelstelling niet bereikt  overdracht,Pla einde geplande einddatum overschreden zonder nader bericht,Pla einde other,Pla einde uitstroom anders dan volgen onderwijs  regulier werk of als zelfstandige,Pla actueel pla categorie doelstelling 16,Pla actueel pla categorie doelstelling 9,Pla hist pla categorie doelstelling 1,Pla hist pla categorie doelstelling 10,Pla hist pla categorie doelstelling 11,Pla hist pla categorie doelstelling 16,Pla hist pla categorie doelstelling 2,Pla hist pla categorie doelstelling 27,Pla hist pla categorie doelstelling 3,Pla hist pla categorie doelstelling 4,Pla hist pla categorie doelstelling 5,Pla hist pla categorie doelstelling 6,Pla hist pla categorie doelstelling 9,Pla hist pla categorie doelstelling other,Pla historie maatschappelijke inspanning,Pla historie ontwikkeling,Pla historie other,Pla historie werk,Pla historie werk en inburgering,Pla ondertekeningen actueel,Pla ondertekeningen historie,Relatie overig kostendeler,Relatie overig bewindvoerder,Relatie overig actueel vorm  gemachtigde,Relatie overig actueel vorm  kostendeler,Relatie overig actueel vorm  onderhoudsplichtige,Relatie overig actueel vorm  ouders verzorgers,Relatie overig actueel vorm other,Relatie overig historie vorm  andere inwonende,Relatie overig historie vorm  gemachtigde,Relatie overig historie vorm  kostendeler,Relatie overig historie vorm  onderhoudsplichtige,Ontheffing reden tijdelijke ontheffing arbeidsverpl  en tegenprestatie,Ontheffing actueel ind,Ontheffing reden hist medische gronden,Ontheffing reden hist other,Ontheffing reden hist sociale gronden,Ontheffing reden hist tijdelijke ontheffing arbeidsverpl  en tegenprestatie,Ontheffing reden hist tijdelijke ontheffing arbeidsverplichtingen,Ontheffing reden hist vanwege uw sociaal maatschappelijke situatie,Ontheffing hist ind,Ontheffing dagen hist vanwege uw medische omstandigheden,Ontheffing dagen hist mean,Belemmering financiele problemen,Belemmering niet computervaardig,Belemmering psychische problemen,Belemmering woonsituatie,Belemmering aantal huidig,Belemmering ind,Belemmering hist lichamelijke problematiek,Belemmering hist psychische problemen,Belemmering hist stabiele mix  sz    dagbesteding werk,Belemmering hist taal,Belemmering hist verslavingsproblematiek,Belemmering ind hist,Belemmering dagen financiele problemen,Belemmering dagen lichamelijke problematiek,Belemmering dagen psychische problemen,Typering indicatie geheime gegevens,Typering other,Typering transport  logistiek   tuinbouw,Typering zorg  schoonmaak   welzijn,Typering aantal,Typering ind,Typering hist inburgeringsbehoeftig,Typering hist sector zorg,Typering hist aantal,Typering hist ind,Typering dagen som,Persoon leeftijd bij onderzoek,Persoon geslacht vrouw,Competentie aansturen,Competentie analyseren,Competentie ethisch en integer handelen,Competentie formuleren en rapporteren,Competentie gedrevenheid en ambitie tonen,Competentie instructies en procedures opvolgen,Competentie kwaliteit leveren,Competentie leren,Competentie materialen en middelen inzetten,Competentie met druk en tegenslag omgaan,Competentie omgaan met verandering en aanpassen,Competentie onderzoeken,Competentie op de behoeften en verwachtingen van de  klant  richten,Competentie other,Competentie overtuigen en beïnvloeden,Competentie plannen en organiseren,Competentie samenwerken en overleggen,Competentie vakdeskundigheid toepassen,Persoonlijke eigenschappen motivatie opm,Persoonlijke eigenschappen flexibiliteit opm,Persoonlijke eigenschappen doorzettingsvermogen opm,Persoonlijke eigenschappen zelfstandigheid opm,Persoonlijke eigenschappen initiatief opm,Persoonlijke eigenschappen communicatie opm,Persoonlijke eigenschappen presentatie opm,Persoonlijke eigenschappen uiterlijke verzorging opm,Persoonlijke eigenschappen leergierigheid opm,Persoonlijke eigenschappen houding opm,Persoonlijke eigenschappen hobbies sport,Persoonlijke eigenschappen opstelling,Persoonlijke eigenschappen overige opmerkingen,Persoonlijke eigenschappen spreektaal anders,Persoonlijke eigenschappen spreektaal,Persoonlijke eigenschappen ind regulier arbeidsritme,Persoonlijke eigenschappen ind buiten kantoortijden,Persoonlijke eigenschappen ind activering traject,Persoonlijke eigenschappen uitstroom verw vlgs klant,Persoonlijke eigenschappen uitstroom verw vlgs km,Persoonlijke eigenschappen taaleis voldaan,Persoonlijke eigenschappen taaleis schrijfv ok,Persoonlijke eigenschappen dagen sinds opvoer,Persoonlijke eigenschappen dagen sinds taaleis,Persoonlijke eigenschappen nl spreken1,Persoonlijke eigenschappen nl spreken2,Persoonlijke eigenschappen nl spreken3,Persoonlijke eigenschappen nl lezen3,Persoonlijke eigenschappen nl lezen4,Persoonlijke eigenschappen nl schrijven0,Persoonlijke eigenschappen nl schrijven1,Persoonlijke eigenschappen nl schrijven2,Persoonlijke eigenschappen nl schrijven3,Persoonlijke eigenschappen nl schrijvenfalse,Persoonlijke eigenschappen nl begrijpen3,Relatie kind huidige aantal,Relatie kind heeft kinderen,Relatie kind leeftijd verschil ouder eerste kind,Relatie kind basisschool kind,Relatie kind jongvolwassen,Relatie kind tiener,Relatie kind volwassen,Deelname act actueel projecten uniek,Deelname act hist projecten niet gestart,Deelname act reintegratieladder ondersteunende instrumenten,Deelname act reintegratieladder werk re integratie,Afspraak resultaat ingevuld uniek,Afspraak aantal woorden,Afspraak laatstejaar resultaat ingevuld,Afspraak laatstejaar resultaat ingevuld uniek,Afspraak laatstejaar aantal woorden,Afspraak aanmelding afgesloten,Afspraak afsprakenplan,Afspraak controle aankondiging maatregel,Afspraak controle verwijzing,Afspraak deelname compleet uit webapplicatie,Afspraak galo gesprek,Afspraak gespr  einde zoekt   galo gesprek ,Afspraak inspanningsperiode,Afspraak other,Afspraak participatietrede vervolgmeting,Afspraak signaal van aanbieder,Afspraak signaal voor medewerker,Afspraak toevoegen inschrijving uwvwb,Afspraak vervolgmeting matchbaarheid werkzoekende klant,Afspraak verzenden beschikking i v m  niet voldoen aan wet taaleis,Afspraak voortgangsgesprek,Afspraak afgelopen jaar afsprakenplan,Afspraak afgelopen jaar monitoring insp  wet taaleis na 12 mnd n a v  taa04     geen maatregel,Afspraak afgelopen jaar ontheffing,Afspraak afgelopen jaar ontheffing taaleis,Afspraak afgelopen jaar plan van aanpak,Afspraak afgelopen jaar signaal voor medewerker,Afspraak afgelopen jaar vervolgmeting matchbaarheid werkzoekende klant,Afspraak afgelopen jaar voortgang aanmelding en deelname,Instrument ladder huidig activering,Instrument ladder huidig other,Instrument ladder huidig werk re integratie,Instrument ladder historie activering,Instrument ladder historie other,Instrument reden beeindiging historie centrale actie wigo4it,Instrument reden beeindiging historie diagnose gesteld,Instrument reden beeindiging historie direct matchbaar,Instrument reden beeindiging historie doelstelling bereikt  geen uitstroom,Instrument reden beeindiging historie doelstelling bereikt  uitstroom naar regulier werk,Instrument reden beeindiging historie doelstelling bereikt  uitstroom overig,Instrument reden beeindiging historie doelstelling niet bereikt  geen uitstroom,Instrument reden beeindiging historie niet matchbaar,Instrument reden beeindiging historie niet succesvol,Instrument reden beeindiging historie niet succesvol  reden bij werkzoekende,Instrument reden beeindiging historie op termijn matchbaar,Instrument reden beeindiging historie other,Instrument reden beeindiging historie overdracht naar mo,Instrument reden beeindiging historie overdracht naar prematching,Instrument reden beeindiging historie overdracht naar regulier team iwpm,Instrument reden beeindiging historie overdracht succesvol,Instrument reden beeindiging historie succesvol,Instrument reden beeindiging historie succesvol  doelstelling bereikt,Instrument reden beeindiging historie uitval  aanbod niet langer zinvol volgens gemeente,Instrument reden beeindiging historie uitval  klant wz  ziet af van aanbod,Instrument aantal laatstejaar,Component component kostendeler,Component bijstandsnorm alleenstaande 21 ,Component gem  toeslag alleenstaande ouder  20 ,Component inkomen alleenstaande ouderkorting klant,Component ontvangst nf np,Component vakantiegeld reservering,Component verblijf buitenland klant,Component laatste12mdn opvoer schuldbedrag,Component laatste12mdn other,Component recentste opvoer schuldbedrag
1084,3,0,0,5,2,0,0,0,0,0,1,0,0,0,0,0,0,0,0,1,0,0,0,13,57,21,8,0,0,1,0,0,3,0,0,0,0,0,0,0,0,0,0,0,2,0,1,0,2,0,0,2,1,1,0,2,0,1,0,0,0,0,0,16,0,0,0,0,0,19,5,0,0,0,1,0,1,0,0,1,0,0,1,1,0,1,0,1,0,0,0,0,0,0,0,1,0,0,0,0,0,1,1,0,1,0,0,1,0,1,0,0,1,0,1921,0,3,0,0,2,2,0,0,0,0,0,0,1,0,0,0,0,0,0,0,1,0,1,1,0,1,0,0,0,6,0,1,0,0,0,0,0,0,2,0,0,0,0,1,0,0,0,0,0,1,1954,1446,0,0,0,0,0,0,0,0,0,0,0,1,0,0,0,0,0,0,0,0,0,0,0,1,1,0,30,1,0,0,0,0,0,0,0,0,0,0,0,0,0,0,0,0,0,0,0,1,1,1,1,1,1,1,0,1,0,0,0,0,0.0,0,0,0,6,0,0,0,517,0,1,0,0,0,0,0,0,1,0,0,0,2,1,23,2,0,0,0,0,2,7,5,2,77,0,0,0,0,0,0,0,0,0,0,0,4,1,0,0,0,0,0,0,0,0,0,0,0,0,0,0,0,0,0,2,2,1,1,0,2,0,0,3,0,0,0,0,0,2,0,0,1,0,0,0,0,0,0,10,0,0,3,0,0,5,9,1
14939,1,1,1,1,0,0,0,1,0,0,0,0,0,0,0,0,1,0,0,0,0,0,0,9,16,7,4,0,0,3,0,4,3,0,0,3,1,1,0,0,0,0,0,2,0,0,0,0,6,0,1,6,0,0,0,0,0,0,0,0,2,0,0,3,0,0,0,0,5,0,1,1,0,2,1,1,0,0,0,1,0,1,1,0,0,0,0,0,0,0,0,1,0,0,0,1,0,0,0,0,1,0,1,1,1,1,1,1,0,1,0,0,0,0,0,0,1,0,0,2,0,0,0,1,0,0,1,0,0,0,0,0,4,0,0,0,0,0,0,0,0,1,0,1,4,0,0,1,0,1,0,0,0,1,0,1,0,1,0,0,0,0,1,0,1,0,499,0,0,1,0,3,1,1,1,0,0,0,1,0,7824,7581,0,0,0,0,0,0,0,0,0,0,0,41,0,0,0,0,0,0,1,1,0,1,0,0,0,0,0,0,0,0,1,1,1,0,1,1,1,1,1,0,1,1,1,1,1,0.0,0,0,0,6,6,0,0,414,0,0,1,0,0,0,0,0,1,0,0,0,0,0,32,1,0,0,0,0,2,6,5,3,199,3,2,142,0,1,0,0,1,0,0,1,0,1,0,1,0,1,0,2,1,0,1,0,0,1,0,3,1,0,1,3,0,0,0,0,5,0,0,0,0,0,0,1,0,2,0,0,1,0,0,0,0,2,0,69,71,12,7,0,7,36,25,0
144,5,0,0,10,0,4,0,0,0,0,1,0,0,0,0,0,0,0,0,1,0,0,3,5,25,0,0,0,0,1,0,9,6,0,1,7,0,0,2,0,0,3,1,1,1,2,1,0,1,0,0,4,0,1,1,0,4,0,2,0,0,0,2,1,0,0,0,0,7,0,1,0,0,6,2,1,1,1,0,1,0,0,1,0,0,1,1,0,1,0,0,0,0,0,1,1,0,0,0,0,1,0,1,1,1,0,0,0,0,0,0,0,0,0,0,0,1,1,0,0,0,0,0,0,0,1,0,0,0,0,0,0,1,1,0,0,1,0,0,1,0,1,0,1,2,1,0,0,1,0,0,0,0,0,1,0,0,0,0,0,0,0,0,0,0,0,0,0,0,0,0,1,1,0,0,1,0,0,1,0,0,0,0,1,0,0,1,1,0,0,1,1,1348,52,0,0,0,0,0,0,0,0,0,0,0,0,0,0,0,0,0,0,0,1,1,1,1,0,1,0,1,1,1,0,1,0,1,57.0,1,0,0,4,4,1,0,30,30,0,0,0,0,0,1,0,0,0,0,0,0,0,0,0,0,0,0,2,3,3,6,5,155,1,2,140,0,0,1,0,0,0,0,2,0,1,0,7,0,0,0,0,0,0,0,0,1,7,0,3,1,0,0,3,0,0,0,0,0,0,0,1,0,0,0,0,2,2,0,0,1,0,0,0,1,1,1,59,39,0,10,0,0,30,19,0
79,3,0,0,5,1,1,0,0,0,0,1,0,0,0,0,0,0,0,0,1,0,0,2,11,21,2,2,0,0,0,3,5,0,1,1,5,1,1,1,0,3,3,0,3,0,2,0,0,4,1,0,7,1,1,0,0,0,0,1,0,0,0,0,0,0,0,0,0,6,1,0,0,0,0,0,1,0,1,0,1,1,0,1,1,1,1,0,0,0,0,0,0,0,0,0,0,0,0,0,0,1,1,0,0,0,0,0,0,0,0,0,0,0,0,0,0,0,0,1,0,1,0,0,1,0,1,0,0,0,0,0,0,1,0,1,0,2,0,0,1,0,1,0,0,1,0,0,0,0,0,0,0,0,0,1,0,0,0,0,0,0,0,0,0,0,0,0,1,0,0,0,3,1,1,0,0,0,0,1,891,891,0,0,0,0,0,0,0,0,0,1,1,0,36,0,1,1,0,1,1,0,1,0,0,1,1,0,0,3,1,1,1,1,1,1,1,1,1,1,1,1,0,1,0,0,0,0,57.0,1,1,0,6,6,1,0,506,506,0,1,0,0,0,0,0,1,0,0,0,0,0,0,0,0,0,0,1,2,2,8,5,376,4,2,323,0,2,0,0,1,1,1,1,0,0,3,6,1,0,0,0,0,0,0,0,1,5,0,4,1,0,0,3,0,0,1,0,0,0,0,0,0,1,0,0,1,3,1,0,1,1,0,0,0,2,0,44,16,0,7,0,0,20,11,0
762,2,1,1,2,0,0,0,1,0,0,0,0,0,1,0,0,0,0,0,0,0,0,2,12,27,3,3,0,0,0,0,3,1,0,3,2,2,1,2,0,0,2,1,2,0,2,2,0,1,0,0,12,0,1,0,0,0,0,0,0,0,0,2,1,0,0,0,0,2,7,0,0,0,1,0,1,0,1,0,1,0,0,1,0,0,1,0,0,0,0,0,0,0,0,1,1,0,0,0,0,1,1,0,1,0,0,0,0,0,0,0,0,0,0,0,1,0,1,0,3,0,0,0,0,1,0,0,1,0,1,0,0,2,0,1,1,0,0,1,1,0,1,0,1,3,0,0,0,0,0,0,0,1,0,0,0,0,0,0,0,0,0,0,0,0,0,0,1,0,1,0,2,1,0,1,0,0,0,1,957,0,740,0,1,0,0,2,1,0,0,2,1,1914,32,1,0,0,0,0,0,1,1,0,0,0,0,0,0,4,0,0,1,1,1,0,1,1,1,1,1,1,1,1,0,1,0,1,0.0,0,0,0,2,0,0,0,666,0,1,0,0,0,0,0,1,0,0,0,0,0,0,0,0,0,0,0,3,2,3,7,4,138,2,2,117,0,0,1,0,0,0,0,3,0,0,0,3,0,1,0,0,0,0,0,0,2,3,0,5,2,0,0,2,0,0,1,0,1,0,1,0,0,0,0,0,0,2,0,0,0,0,0,0,0,2,0,24,14,0,1,0,2,1,0,0
17810,1,1,1,1,0,0,0,1,0,1,0,0,0,0,1,0,0,0,0,0,0,0,2,3,16,2,0,0,0,3,0,3,0,0,0,0,0,0,0,0,0,0,0,0,0,1,3,0,0,0,0,3,2,0,0,2,0,0,0,0,1,0,1,0,1,0,0,3,0,1,0,0,0,0,0,0,0,1,0,0,0,0,1,1,0,0,0,1,0,0,0,1,0,0,1,0,1,0,0,1,0,1,0,0,0,0,0,0,0,0,0,0,0,0,0,0,0,0,0,2,0,0,0,0,0,0,0,1,0,0,0,0,1,0,0,0,0,0,1,0,0,0,1,0,1,1,0,0,1,1,0,0,1,0,1,1,0,0,0,0,0,0,0,0,0,0,0,1,0,1,0,3,1,0,1,0,0,0,1,1529,0,1529,1,0,0,0,1,1,0,0,1,1,2117,49,1,0,0,0,0,0,0,0,0,0,0,0,0,0,3,0,0,0,0,1,1,1,1,1,1,1,1,1,1,0,1,0,1,25.0,0,0,0,6,6,1,1,657,813,0,1,0,0,0,0,0,1,0,0,0,0,0,28,1,1,1,0,0,3,6,6,3,67,0,0,0,1,0,0,0,1,0,0,1,0,1,1,0,0,0,0,0,0,0,0,0,0,0,0,0,0,1,0,1,0,2,1,0,0,0,0,0,0,0,0,1,2,2,0,0,1,0,0,1,0,0,0,9,73,67,0,0,2,165,71,0
135,2,1,0,3,0,0,0,1,0,0,0,0,0,0,0,0,0,1,0,0,0,0,4,14,28,3,2,0,0,0,0,7,2,0,0,0,0,0,0,0,0,1,1,2,0,2,0,0,1,0,0,2,0,0,0,0,0,0,1,2,2,0,0,10,0,0,0,8,2,4,1,0,0,2,0,1,0,1,0,1,0,0,1,0,0,0,0,0,0,1,0,1,0,0,0,1,0,0,0,0,1,1,1,1,0,1,1,1,0,1,0,0,0,0,0,0,3,0,0,0,2,1,1,0,0,0,2,0,0,0,0,0,1,1,3,0,0,0,0,0,0,1,0,0,1,1,0,0,3,0,0,0,0,0,7,0,0,1,0,0,0,0,1,0,1,0,596,0,0,0,0,1,1,1,0,0,0,0,1,0,966,0,0,1,0,0,2,1,0,0,2,1,1885,43,0,0,0,0,0,0,1,1,0,1,0,0,0,0,0,0,0,0,1,1,1,0,0,1,0,0,0,0,1,0,1,0,1,57.0,0,0,1,6,6,0,0,353,0,0,1,0,0,0,1,0,0,0,0,0,0,0,0,0,0,0,0,0,3,2,8,4,152,1,2,60,2,0,0,0,0,1,1,0,0,2,0,1,0,1,0,1,0,0,0,0,0,1,1,1,1,0,0,5,0,0,0,0,2,0,0,3,0,1,0,0,0,2,0,0,2,0,0,0,0,1,1,77,0,0,1,0,0,1,5,0
354,3,1,0,5,1,0,0,1,0,0,1,0,0,0,1,0,0,0,0,0,0,0,3,8,44,2,5,0,1,0,1,9,7,1,0,5,0,1,0,0,1,2,2,3,0,1,0,2,1,0,1,5,0,0,0,0,0,0,1,3,0,0,1,4,2,0,1,0,10,4,2,1,0,0,1,1,0,1,1,1,0,1,1,0,0,0,0,0,0,1,0,0,0,0,1,1,1,1,0,0,1,1,1,0,1,0,0,0,0,0,0,0,0,0,0,0,1,0,0,0,1,0,0,1,1,0,0,0,0,1,0,0,2,0,1,0,0,0,0,1,0,1,1,1,3,0,0,1,0,1,1,0,0,1,0,1,0,0,0,0,0,0,0,0,0,0,0,1,0,0,0,3,1,1,0,0,1,0,1,1028,1028,0,0,0,0,0,1,1,0,0,1,1,2437,44,1,0,0,0,0,0,0,0,0,0,0,0,0,0,0,0,0,0,0,1,1,1,1,1,1,1,1,1,1,0,1,0,1,73.0,1,0,0,6,5,0,0,84,0,0,0,0,0,1,0,0,0,0,0,0,2,1,27,1,0,1,0,2,3,1,6,5,62,2,2,40,0,1,0,0,1,1,1,0,2,1,0,3,1,1,1,0,0,0,0,0,1,3,1,4,1,0,0,2,0,0,0,0,0,0,0,0,0,0,0,0,1,2,0,1,1,1,0,0,0,2,0,0,22,12,4,0,4,4,3,0
539,1,1,1,1,0,0,0,1,0,0,0,0,0,0,0,1,0,0,0,0,0,0,1,3,4,1,0,0,0,0,0,0,1,1,1,4,1,0,1,0,0,0,1,0,0,0,0,0,0,0,0,3,1,0,0,0,0,0,0,0,0,0,0,0,0,0,0,0,2,0,0,0,0,0,1,0,0,0,0,0,0,0,1,1,0,0,0,0,0,0,0,0,0,0,0,0,0,0,0,0,1,0,0,0,1,1,1,1,0,1,0,0,0,0,0,0,0,0,0,0,0,0,0,0,0,0,1,0,0,0,0,0,0,0,0,0,0,0,0,0,0,1,0,0,0,0,0,0,0,0,0,0,0,0,0,0,0,1,1,0,0,0,0,0,1,0,313,1,0,1,0,3,1,1,1,0,0,0,1,313,313,313,0,0,0,0,0,0,0,0,0,0,0,44,0,0,0,0,0,0,0,0,0,0,0,0,0,0,0,0,0,0,0,1,1,1,1,1,1,1,1,1,1,1,1,0,0,0.0,0,0,0,0,0,0,0,313,0,1,0,0,0,0,0,1,0,0,0,0,0,0,0,0,0,0,0,1,0,2,5,3,2,5,2,0,0,0,0,0,0,0,0,1,0,0,0,0,1,0,0,0,0,0,1,0,1,0,0,6,1,0,0,2,0,0,1,0,0,0,0,0,0,0,0,0,0,2,0,0,1,0,0,0,0,3,0,0,0,0,3,0,0,0,0,0
1230,2,1,0,3,0,0,0,1,0,0,1,0,0,0,1,0,0,0,0,0,0,0,2,4,10,0,1,1,1,0,2,3,4,0,1,3,0,1,0,1,2,2,1,1,0,1,0,1,0,1,0,4,0,0,0,1,0,0,0,0,0,0,2,0,0,0,0,0,3,1,0,2,0,0,0,1,0,1,1,0,1,0,1,0,0,0,0,1,0,0,0,0,0,0,1,0,0,0,0,0,1,1,0,0,0,1,1,1,0,1,0,0,0,0,0,0,0,0,1,0,0,0,0,0,0,0,0,0,0,0,0,0,0,0,0,0,1,0,0,1,0,0,0,0,1,1,0,0,2,0,0,0,0,0,2,0,1,1,0,0,0,1,0,0,1,0,257,0,0,0,0,1,1,1,0,0,0,0,1,0,1664,0,0,0,0,0,0,0,0,0,0,0,0,62,1,0,1,1,1,0,1,1,0,0,1,1,1,0,0,1,1,1,1,1,0,0,0,0,0,1,1,0,1,0,1,0,0,57.0,0,0,0,0,6,2,0,183,0,0,1,0,0,0,0,0,1,0,0,0,0,0,37,0,1,0,0,0,2,3,2,2,135,1,2,98,0,0,0,0,1,0,0,0,0,0,2,7,0,1,0,0,0,0,1,1,0,6,0,1,0,0,0,2,0,0,1,0,0,0,0,0,0,1,0,0,0,2,0,0,1,1,0,0,0,1,0,19,16,0,2,0,6,31,24,1
214,2,1,1,2,0,0,0,1,0,0,1,0,0,0,0,0,0,0,0,0,1,0,0,11,26,2,5,0,0,1,2,6,12,0,1,0,0,0,0,0,0,0,0,5,0,0,1,0,0,8,0,5,0,2,0,0,0,0,0,1,0,1,1,1,0,0,0,0,7,9,1,0,0,2,2,1,0,0,0,0,1,0,1,0,1,1,0,0,0,1,0,0,0,1,1,1,0,0,0,1,1,1,1,1,1,0,0,0,0,0,0,0,0,0,0,0,0,0,0,3,0,0,0,0,0,1,0,0,0,0,0,0,3,0,0,0,1,0,0,1,0,1,0,1,3,0,0,0,0,1,0,0,0,0,0,1,0,0,0,0,0,0,0,0,0,0,0,0,0,1,0,4,1,1,1,0,1,0,1,0,6461,1712,0,0,0,0,1,1,0,0,1,1,1712,50,0,0,0,0,0,0,1,1,0,1,0,0,0,0,0,0,0,1,1,1,1,1,1,1,1,1,1,1,1,1,1,1,1,3.0,0,0,1,0,6,1,1,363,363,0,0,1,1,0,0,0,0,1,0,1,0,0,0,0,0,0,0,1,1,3,8,4,204,0,1,0,0,2,0,0,0,0,0,1,1,0,0,1,0,1,0,0,0,0,0,0,1,0,0,0,1,0,0,2,0,0,1,0,0,0,0,1,0,0,0,0,2,2,1,1,1,0,0,1,0,0,0,65,17,0,1,0,0,1,0,0
14,2,1,0,2,0,1,0,1,0,0,0,0,0,0,0,1,0,0,0,0,0,0,0,7,24,4,1,0,0,0,0,4,9,0,1,1,0,0,1,0,0,0,0,3,0,0,0,0,1,0,0,8,0,0,0,0,1,0,0,0,0,0,1,1,0,1,0,0,3,1,1,0,0,4,8,1,0,0,0,1,0,0,1,0,0,0,0,0,1,0,0,0,0,0,1,1,0,0,0,1,1,1,1,1,1,0,0,0,0,0,0,0,0,0,0,1,0,0,0,2,1,0,0,1,1,0,1,0,0,1,0,0,1,0,1,1,0,0,1,1,0,1,0,1,5,0,0,0,0,3,0,0,0,1,0,4,0,0,0,0,0,0,0,0,0,0,0,1,0,1,0,5,1,1,1,0,0,0,1,2633,1216,1216,0,0,0,0,0,0,0,0,0,0,0,37,1,0,0,0,0,0,0,0,0,0,0,0,0,0,0,0,0,0,0,1,1,0,1,1,1,1,1,0,1,1,1,1,1,57.0,0,0,1,6,6,1,1,651,807,1,0,0,0,0,0,0,1,0,0,0,5,1,18,2,1,1,0,1,2,5,4,2,486,0,1,81,1,2,0,0,0,0,0,0,2,1,0,4,0,1,0,1,0,0,0,0,1,0,0,1,1,0,0,2,0,0,0,0,2,0,0,1,0,0,0,0,0,2,0,0,1,0,0,0,0,0,0,0,47,47,22,0,0,22,2,0
2242,1,1,0,2,0,0,0,1,0,0,1,0,0,1,0,0,0,0,0,0,0,0,5,8,20,5,4,0,0,0,2,1,5,1,0,2,0,0,1,0,2,0,2,4,0,1,0,0,5,0,0,7,0,0,0,0,0,0,1,0,0,0,0,4,0,0,0,0,2,5,0,0,0,1,8,1,0,1,0,1,0,0,1,0,0,0,0,0,0,0,0,0,0,0,0,1,0,0,0,0,1,1,0,1,1,0,0,1,0,1,0,0,0,0,0,0,0,0,1,1,0,0,0,1,0,0,1,0,0,0,0,0,0,0,1,0,1,0,0,1,0,1,0,0,2,0,0,0,0,0,0,0,1,0,0,0,0,0,0,0,0,1,0,0,1,0,616,1,0,0,0,2,1,1,0,0,0,0,1,2211,2135,0,0,0,0,0,0,0,0,0,0,0,0,50,0,0,1,0,1,0,0,1,0,0,0,0,0,1,0,0,1,1,0,1,1,1,1,1,1,1,1,0,1,1,1,1,1,57.0,0,0,1,6,6,1,0,616,616,0,1,0,0,0,0,0,1,0,0,0,0,0,0,0,0,0,0,0,2,4,7,5,273,1,2,83,0,1,0,0,1,1,1,1,0,0,1,8,0,1,0,0,0,0,1,0,0,6,0,1,1,1,0,3,0,0,1,0,1,0,0,0,0,0,0,0,0,3,1,0,1,1,0,0,0,1,0,85,25,0,8,1,4,68,16,0
1471,4,1,0,3,0,3,0,1,0,0,1,0,0,0,0,0,0,0,0,0,1,0,6,18,31,6,5,0,0,7,0,2,4,0,7,5,1,1,1,0,0,0,0,11,0,1,1,0,1,1,0,10,3,3,0,0,0,0,0,0,2,0,1,0,1,0,0,0,4,9,0,0,0,4,4,1,0,1,0,1,1,0,1,1,1,1,0,0,0,0,0,1,0,0,1,0,1,0,0,0,1,1,0,1,1,0,0,0,0,0,0,0,0,0,0,2,0,0,0,0,1,0,0,0,1,0,0,0,0,1,0,0,1,0,1,0,1,0,0,1,0,1,0,0,3,0,0,1,0,0,0,0,0,1,0,0,0,0,0,0,0,0,0,0,0,0,0,1,0,0,1,3,1,1,0,0,0,0,1,1359,1359,0,0,1,0,0,2,1,0,0,2,1,3430,60,0,0,1,0,1,0,0,0,0,0,0,0,0,0,2,0,1,1,1,1,1,1,1,1,0,1,1,0,1,1,1,1,1,57.0,1,1,0,0,0,1,0,347,347,1,0,0,0,0,0,1,0,0,0,0,0,0,0,0,0,0,0,1,4,3,8,3,97,2,2,13,0,0,0,0,0,0,0,1,1,0,0,7,0,1,0,0,0,0,0,0,1,4,0,3,1,0,0,3,0,0,1,0,0,0,0,1,0,2,1,0,0,2,1,0,1,0,0,0,0,1,0,48,9,0,3,0,0,22,9,0
17200,1,1,1,1,0,0,0,1,0,0,0,0,0,0,0,1,0,0,0,0,0,0,3,16,29,20,8,0,0,0,0,6,7,0,3,2,3,0,1,0,0,1,5,3,0,1,2,0,2,1,0,8,0,1,0,0,0,1,0,0,0,0,2,16,1,0,0,0,0,14,2,0,1,1,8,1,0,1,0,1,1,0,1,0,0,1,0,0,0,0,1,0,0,0,1,1,1,0,0,0,0,1,1,1,1,0,0,0,0,0,0,0,0,0,0,0,1,0,0,2,2,0,1,0,0,0,0,0,0,0,0,0,3,0,3,1,0,0,1,0,0,1,0,1,3,0,0,1,0,0,0,0,0,1,0,1,0,0,0,0,0,0,0,0,0,0,0,0,0,0,0,1,1,1,0,0,0,0,1,0,874,0,1,1,0,1,3,1,0,0,4,1,3870,47,1,1,1,0,0,1,0,1,0,0,0,0,0,0,1,1,1,1,1,1,1,1,1,0,1,1,0,0,1,0,1,1,0,0.0,0,0,0,0,0,1,1,176,176,1,0,0,0,0,0,1,0,0,0,0,1,1,19,0,1,0,1,2,3,5,11,3,222,5,2,139,1,1,0,0,0,0,0,1,1,1,0,5,1,0,0,0,1,0,0,0,2,5,0,7,2,1,0,4,3,0,1,0,0,1,0,3,0,0,0,1,1,2,1,1,1,0,0,1,1,3,0,7,52,44,13,0,0,23,14,0
707,1,1,0,2,0,0,0,1,0,0,0,0,0,1,0,0,0,0,0,0,0,0,9,10,24,2,0,0,0,0,0,2,2,1,2,4,0,0,1,0,0,1,1,0,0,3,0,0,1,0,0,5,0,0,0,1,0,0,2,2,0,0,0,4,0,0,0,0,3,3,0,0,4,1,1,0,0,1,0,1,0,0,1,0,0,0,0,1,0,1,0,0,0,0,0,1,0,0,0,0,1,1,0,1,1,0,0,0,0,0,0,0,1,0,707,1,0,0,0,1,1,1,1,0,0,0,1,0,0,0,2,0,1,0,0,0,1,0,0,1,0,1,0,0,2,0,0,0,0,0,0,0,0,0,0,0,0,0,0,0,0,0,0,0,1,3091,3091,0,0,0,0,0,0,0,0,0,0,1,1,0,0,0,0,0,0,0,0,0,0,0,0,0,0,49,1,0,0,0,0,0,0,0,0,0,0,0,0,0,0,0,0,0,0,0,0,0,0,0,0,0,0,0,0,0,1,0,0,57.0,0,0,0,0,6,0,0,87,0,0,0,0,0,0,1,0,0,0,0,0,0,0,0,0,0,0,0,0,2,4,4,7,158,3,2,4,1,1,6,0,0,3,3,0,0,1,0,2,0,0,0,0,0,0,0,0,1,2,0,2,0,0,0,3,1,1,2,0,1,0,0,0,0,1,0,0,0,2,0,0,1,0,0,0,1,1,0,64,64,0,1,0,0,2,4,0
1168,2,1,0,3,0,0,0,1,0,0,1,0,0,0,1,0,0,0,0,0,0,0,5,8,20,6,9,0,0,6,0,6,4,0,0,0,0,0,0,0,0,0,0,6,0,0,5,0,3,0,0,0,2,0,0,7,0,0,0,0,0,0,4,3,1,1,0,0,3,9,1,0,1,3,3,1,0,0,0,1,0,0,0,1,0,0,0,1,0,0,0,0,0,0,1,1,1,0,1,0,1,1,1,1,1,0,0,0,1,0,1,0,0,0,0,0,0,0,0,0,1,0,0,0,0,0,0,0,0,0,0,0,0,0,1,0,0,0,0,0,0,1,0,0,1,0,0,0,0,1,1,0,0,0,0,1,0,0,0,0,1,0,0,0,1,0,854,0,0,0,0,0,0,0,0,0,0,0,0,0,0,0,0,0,0,0,2,1,0,0,2,1,1710,45,1,0,0,0,0,0,0,0,0,0,0,0,0,0,0,0,0,0,0,0,1,0,0,0,1,1,1,1,1,0,1,0,1,0.0,0,0,1,0,6,0,0,453,0,0,1,0,0,0,0,0,1,0,0,0,1,1,32,0,0,1,0,0,2,1,8,6,9,1,2,0,0,0,0,0,0,0,0,2,2,1,0,0,0,1,0,0,0,0,0,0,0,0,1,1,0,0,1,1,0,0,0,0,0,0,0,1,0,0,0,0,0,2,0,0,1,0,0,1,0,1,0,0,18,18,5,0,2,4,22,0
3171,1,1,1,1,0,0,0,0,0,0,1,0,0,0,0,0,0,0,0,1,0,0,11,11,26,8,15,0,0,0,0,1,11,9,5,7,4,11,0,0,0,1,10,1,1,0,0,0,9,0,0,8,1,0,0,0,0,0,0,0,3,0,6,1,1,0,0,0,1,26,0,0,0,0,3,1,1,0,0,1,0,0,1,1,0,0,0,0,0,0,0,1,0,0,1,1,1,0,0,0,1,1,0,0,1,0,0,1,0,1,0,0,0,0,0,0,1,0,0,1,0,0,0,0,0,0,0,1,0,0,0,0,1,0,0,0,0,0,1,0,0,1,0,0,1,0,0,0,0,0,0,0,0,0,0,0,0,0,1,0,0,0,0,0,1,0,1562,0,0,0,0,3,1,1,0,0,0,0,1,0,1598,0,0,0,0,0,0,0,0,0,0,0,0,38,0,1,0,0,1,0,0,1,0,0,0,0,1,0,1,1,0,1,1,1,1,1,0,0,1,1,1,0,1,0,1,0,0,14.0,0,0,0,6,6,1,0,168,168,0,0,0,0,0,1,0,0,0,0,0,0,0,0,0,0,0,0,0,2,2,2,2,123,0,1,73,0,1,0,0,0,0,0,0,0,0,0,8,0,1,0,0,0,0,0,0,0,8,0,0,0,0,1,1,0,0,0,0,1,0,0,0,0,0,0,0,1,2,0,0,1,0,0,0,0,0,0,48,36,0,0,0,0,0,0,0
282,2,1,0,4,0,0,0,1,0,0,0,0,0,1,0,0,0,0,0,0,0,0,1,6,20,5,5,0,0,0,0,4,2,0,0,0,1,1,0,0,0,2,1,2,1,0,0,0,0,2,0,3,0,4,0,0,1,0,0,0,0,0,1,3,0,0,0,0,5,2,0,0,0,0,5,1,1,0,0,0,1,0,1,0,0,1,0,0,1,0,0,0,0,0,1,1,0,0,0,0,1,1,0,0,1,0,0,0,0,0,0,0,0,0,0,0,2,1,0,2,0,0,0,0,0,1,0,0,0,0,0,0,0,0,0,1,1,2,1,1,1,0,0,1,6,1,0,0,1,0,0,0,1,0,6,0,0,0,0,0,0,0,0,0,0,0,0,0,0,0,0,0,0,0,0,0,0,0,0,0,0,0,0,0,0,0,0,0,0,0,0,0,0,30,1,0,0,0,0,0,0,0,0,0,0,0,0,0,0,0,0,0,0,1,0,0,1,0,0,0,0,0,0,0,1,0,1,99.0,0,0,0,0,0,0,0,1166,0,0,0,0,0,1,0,0,0,0,0,0,0,0,0,0,0,0,0,1,5,1,4,3,161,0,1,109,0,1,0,0,0,0,0,0,1,0,0,3,1,0,0,0,0,0,0,0,1,3,0,0,1,0,0,4,1,0,0,0,1,0,1,1,0,0,0,0,0,2,0,0,1,0,0,1,0,0,0,56,27,0,1,0,2,3,2,0
17885,1,1,1,1,0,0,0,0,0,0,1,0,0,0,0,0,0,0,0,1,0,0,1,3,16,5,0,0,0,0,0,2,0,1,0,6,1,0,1,0,0,0,0,0,0,1,0,0,0,0,0,5,0,0,0,0,0,0,0,0,0,0,0,1,0,0,0,0,1,2,1,0,0,0,0,0,0,1,0,0,0,0,1,0,0,0,0,0,0,0,0,0,0,0,0,1,0,0,0,0,1,1,1,0,0,0,0,0,1,0,2,0,0,0,0,0,0,0,0,3,1,0,0,0,0,0,3,0,0,0,1,0,0,0,0,0,0,0,0,0,0,1,0,0,1,0,0,0,0,0,0,0,1,0,0,0,0,0,0,0,1,0,0,2,1,0,1278,0,0,0,0,0,0,0,0,0,0,1,1,0,0,0,0,0,0,0,0,0,0,0,0,0,0,49,0,1,0,0,0,0,1,0,0,1,0,0,0,1,0,0,1,1,1,0,0,1,0,0,0,0,1,0,1,0,0,0,0,0.0,0,0,0,6,0,0,0,50,0,0,1,0,0,0,0,0,1,0,0,0,0,0,0,0,0,0,0,0,2,0,4,2,81,4,2,0,3,0,0,0,0,0,0,0,0,2,0,0,1,0,0,0,0,0,1,0,2,0,0,4,0,0,0,3,0,0,0,0,1,0,0,2,0,0,0,0,1,2,0,0,1,0,0,0,0,4,0,77,75,0,8,0,0,7,5,0
3086,1,1,1,1,0,0,0,1,0,0,0,0,0,1,0,0,0,0,0,0,0,0,3,15,18,3,1,0,0,0,2,5,6,1,0,3,0,1,2,0,2,2,2,2,0,3,0,0,2,0,0,11,2,0,0,0,0,0,4,1,0,0,0,1,2,0,0,0,8,3,1,0,0,1,2,1,0,1,0,1,0,0,1,1,1,0,0,0,0,1,0,0,0,0,0,1,1,0,0,0,1,1,1,1,1,0,0,0,0,0,0,0,0,0,0,0,0,0,1,1,1,0,0,0,1,0,0,0,0,1,0,1,1,0,1,0,0,0,0,1,0,1,0,1,3,1,0,0,2,0,0,0,0,0,2,0,0,1,0,0,0,0,1,0,1,0,242,1,0,1,0,3,1,1,1,0,0,0,1,1670,2044,1670,1,0,0,0,1,1,0,0,1,1,2741,60,0,1,1,1,1,1,0,0,1,0,1,1,1,0,2,1,1,1,1,1,1,1,1,1,1,1,1,1,1,0,1,0,1,57.0,0,0,0,6,6,1,0,1105,1239,0,1,0,0,0,0,0,1,0,0,0,0,0,0,0,0,0,0,1,1,1,4,8,256,1,2,56,0,2,1,0,1,1,1,3,0,0,1,2,0,0,0,0,0,0,1,0,1,1,0,1,1,1,0,3,0,0,0,0,0,0,0,0,0,1,0,0,0,3,1,0,1,0,0,0,0,1,0,19,0,0,8,0,0,19,35,0
798,2,1,0,3,0,2,0,1,0,0,1,0,0,0,1,0,0,0,0,0,0,0,4,4,15,2,6,0,0,0,0,5,1,0,0,0,0,0,0,0,0,0,0,1,0,0,0,0,5,1,0,2,0,0,0,0,0,0,0,0,0,0,0,5,0,0,0,0,2,3,1,0,0,0,2,1,0,0,0,1,1,0,1,0,0,0,0,0,0,0,0,0,0,0,0,1,0,0,0,0,1,1,1,0,1,1,0,0,1,0,1,0,0,0,0,0,1,0,0,1,0,0,0,0,0,0,0,0,0,0,0,0,0,0,1,1,0,0,1,0,0,1,0,0,2,0,0,0,0,0,1,0,0,0,0,0,0,1,0,0,1,0,0,0,1,0,694,0,0,0,0,0,0,0,0,0,0,0,0,0,0,0,0,0,0,0,0,0,0,0,0,0,0,47,0,0,0,0,0,0,0,0,0,0,0,0,0,0,0,0,0,0,0,0,0,0,0,0,0,0,0,0,0,0,0,0,0,0.0,0,0,0,0,0,0,0,1204,0,0,0,0,0,0,1,0,0,0,0,0,1,1,40,1,0,0,0,0,2,1,5,3,12,0,0,0,0,0,0,0,0,0,0,1,0,0,0,0,0,0,0,0,0,0,0,0,0,0,0,0,0,0,0,0,0,0,0,0,0,0,0,1,0,0,0,0,0,2,0,0,0,0,0,0,1,0,0,22,29,0,6,0,0,12,17,0
674,7,1,0,8,1,2,0,1,0,0,1,0,0,0,0,0,0,0,0,1,0,0,1,6,36,1,4,0,0,0,0,3,5,0,0,0,0,0,0,0,0,0,0,0,0,0,1,0,2,0,1,1,0,0,1,3,1,0,0,0,0,0,3,11,0,0,0,0,4,1,0,0,0,0,2,0,0,0,0,1,0,1,1,0,0,0,1,1,1,0,0,0,0,0,1,1,0,0,0,0,1,1,0,0,1,1,1,1,0,1,0,0,0,0,0,0,0,1,0,3,0,1,0,0,0,0,0,0,0,0,1,0,1,2,0,0,0,0,1,0,0,1,0,0,2,0,0,1,0,0,0,0,0,2,0,0,0,1,1,0,0,0,0,0,1,0,472,1,0,1,0,3,1,1,1,1,0,0,1,535,535,535,0,0,0,0,0,0,0,0,0,0,0,40,1,0,1,0,0,0,1,1,1,1,0,0,0,1,4,1,1,1,1,1,1,0,1,1,1,1,1,1,1,0,1,0,1,0.0,0,0,0,0,0,0,0,493,0,0,1,0,0,0,0,0,0,0,1,0,0,0,0,0,0,0,0,0,3,6,7,2,119,1,2,39,4,1,0,0,0,0,0,0,1,1,0,0,0,0,0,0,1,0,0,0,0,0,0,1,0,0,0,2,0,0,1,0,3,0,0,3,0,0,0,0,0,2,0,0,1,0,0,1,0,0,0,74,56,0,6,0,3,33,24,0
3409,1,1,1,1,0,0,0,1,0,0,1,0,0,0,0,0,0,0,0,0,0,0,1,3,9,0,0,0,0,0,0,2,0,0,1,4,0,0,1,0,0,2,0,1,0,2,1,0,0,0,0,2,0,0,0,0,0,0,2,0,0,0,0,0,0,0,0,0,2,0,0,0,0,0,0,1,0,1,0,0,0,0,1,0,0,0,0,0,0,0,0,0,0,0,0,0,0,0,0,0,1,0,0,0,0,0,0,0,0,0,0,0,0,0,0,0,0,0,0,0,0,0,0,0,0,0,0,1,0,0,0,0,0,0,0,0,0,0,1,0,0,0,0,1,1,0,0,0,0,0,0,0,0,0,1,0,0,0,0,0,0,0,0,0,0,0,0,0,0,0,0,0,0,0,0,0,0,0,0,0,0,0,0,0,0,0,0,0,0,0,0,0,0,65,0,0,1,0,0,0,1,1,1,1,0,0,0,1,4,1,1,1,1,0,0,0,0,0,0,0,0,0,0,0,1,0,1,57.0,0,0,0,0,0,0,0,79,0,1,0,0,0,0,0,1,0,0,0,0,0,0,0,0,0,0,0,1,1,0,3,5,13,1,2,6,0,0,0,0,0,1,1,1,0,0,0,3,1,0,0,0,0,0,0,0,1,3,0,2,1,0,0,2,0,0,0,0,0,0,0,0,0,0,0,0,0,2,0,0,1,0,0,0,0,1,0,11,0,0,0,0,0,2,9,1
28,1,1,0,2,0,1,0,1,0,0,0,0,0,0,0,0,0,1,0,0,0,0,2,5,38,6,8,0,0,0,0,2,3,0,0,0,0,0,0,0,0,0,0,1,3,0,0,0,2,0,3,2,0,1,0,0,1,1,0,0,1,0,0,10,0,0,0,0,1,1,3,0,0,0,5,1,1,0,0,1,0,1,1,0,0,1,0,0,1,0,1,1,0,0,0,1,0,0,0,1,1,1,1,0,1,0,0,0,0,0,0,0,0,0,0,0,0,0,0,0,2,0,0,1,0,1,0,0,0,0,0,0,1,0,0,0,1,0,0,1,1,1,0,1,3,0,0,0,0,1,0,0,0,0,0,1,0,0,0,0,0,0,0,0,0,0,0,0,0,1,0,2,1,1,1,0,0,0,1,0,1971,1971,0,0,0,0,2,1,0,0,2,1,5825,31,0,0,0,0,0,0,0,0,0,0,0,0,0,0,0,0,0,0,0,1,0,0,1,1,1,0,1,1,1,1,1,1,0,57.0,0,0,0,0,0,1,1,370,526,0,1,0,0,0,0,0,1,0,0,0,1,1,27,1,0,0,0,1,5,1,4,4,296,0,1,7,4,1,0,0,0,0,0,1,2,2,0,2,1,0,0,0,0,0,0,0,1,1,0,1,2,1,0,3,3,0,0,0,0,0,0,2,1,0,0,0,0,2,0,0,1,0,0,0,1,0,0,66,13,0,0,0,0,1,0,0
195,2,1,0,9,1,2,0,1,0,1,0,0,0,0,1,0,0,0,0,0,0,0,1,8,13,1,0,0,0,0,0,0,0,0,3,4,0,0,2,0,0,0,0,0,0,3,1,0,0,0,0,6,0,0,0,0,0,0,4,0,0,0,0,0,1,0,0,0,0,0,0,0,1,0,1,0,0,1,0,0,0,0,1,0,0,0,0,0,0,0,0,0,0,0,0,0,1,0,0,0,0,0,0,0,1,1,1,1,0,1,0,0,0,0,0,0,0,0,0,0,0,0,0,0,0,0,0,0,0,0,0,0,0,0,0,1,0,0,1,0,0,0,0,0,0,0,0,0,0,0,0,0,0,0,0,0,0,1,1,0,0,0,0,0,1,0,579,1,0,1,1,5,1,1,2,0,0,1,1,578,382,578,0,0,0,0,0,0,0,0,0,0,0,47,0,1,0,1,0,0,1,1,1,1,0,0,1,1,4,0,1,0,1,1,1,0,1,1,1,1,1,0,1,1,1,1,1,0.0,0,0,1,3,6,0,0,64,0,0,1,0,0,0,0,0,1,0,0,0,0,0,0,0,0,0,0,0,2,3,6,8,71,5,3,0,0,0,2,1,0,2,1,1,0,0,0,0,1,0,0,0,0,0,0,0,0,0,0,3,0,0,0,2,0,0,1,0,0,0,0,0,0,0,0,0,0,2,1,0,2,0,0,1,0,3,0,9,0,0,2,0,0,5,1,0
365,4,1,1,3,0,1,0,1,0,0,1,0,0,0,0,0,0,0,0,1,0,0,3,4,23,5,0,0,0,0,0,7,2,2,2,13,2,0,3,0,0,0,2,0,0,2,1,0,0,0,0,2,0,0,0,0,0,0,1,0,0,0,2,3,0,0,1,0,1,8,1,0,1,0,1,0,0,1,0,0,0,0,1,0,0,0,0,0,0,0,0,0,0,0,1,1,0,1,0,0,1,1,1,0,1,0,0,0,1,0,1,1,3,0,843,0,0,0,0,0,1,0,0,1,0,0,2,1,0,0,0,0,0,0,0,0,0,0,1,0,0,1,0,0,0,1,0,0,4,0,0,0,0,0,4,0,0,0,1,0,0,0,0,0,1,0,1296,0,0,1,0,3,1,1,1,0,0,1,1,0,1601,1601,0,0,0,0,1,1,1,0,2,1,1961,36,1,0,0,0,1,0,1,1,0,1,0,0,0,0,0,0,0,0,1,1,1,1,1,1,1,1,1,1,1,0,1,0,0,0.0,0,0,0,6,0,2,0,155,0,0,1,0,0,0,0,0,1,0,0,0,0,0,0,0,0,0,0,0,4,3,3,6,120,9,6,44,2,1,3,0,0,2,1,0,1,1,0,0,0,0,0,0,0,0,0,0,0,0,0,4,0,0,0,1,1,0,1,0,0,0,0,0,0,0,0,0,0,2,0,0,1,0,0,1,0,4,0,1,1,0,1,0,0,0,12,0
1851,4,0,0,3,1,1,1,0,0,0,1,0,0,0,0,0,0,0,0,1,0,0,13,10,24,3,5,0,0,0,0,6,15,12,0,6,3,5,1,0,0,2,7,2,1,0,0,3,4,6,0,9,0,1,0,1,0,0,0,0,0,0,4,0,0,0,0,0,24,1,1,0,0,1,1,1,1,0,1,1,1,0,1,0,0,1,0,1,0,0,0,0,1,0,1,0,0,0,0,0,1,1,1,1,1,0,0,0,0,0,0,0,0,0,0,0,0,0,1,1,1,0,0,0,0,0,1,0,0,0,0,0,0,0,1,0,1,0,0,1,0,1,0,0,2,0,1,0,0,0,0,0,0,0,0,0,0,0,0,0,0,0,0,0,0,0,0,1,0,1,0,5,1,1,1,0,0,1,1,1681,1681,1681,0,0,0,0,0,0,0,0,0,0,0,34,0,1,1,1,1,0,1,1,1,0,0,0,0,0,3,1,1,1,1,1,1,0,1,1,1,1,1,0,1,1,1,1,0,57.0,0,0,1,6,6,1,1,991,991,0,1,0,0,0,0,0,1,0,0,0,0,0,0,0,0,0,0,0,1,0,3,4,440,1,2,96,0,1,1,0,0,0,0,1,0,0,0,11,0,1,0,0,0,0,0,0,0,4,0,0,0,0,0,2,0,0,0,0,0,0,0,0,0,1,0,0,0,2,0,0,1,0,0,0,0,0,0,75,16,0,6,0,0,6,0,0
2586,1,1,1,1,0,0,0,0,0,0,1,0,0,0,0,0,0,0,0,1,0,0,5,4,20,4,2,0,0,0,0,1,6,1,0,0,0,0,0,0,0,0,0,4,0,1,0,0,1,0,2,1,0,0,0,1,0,0,2,0,0,0,0,5,0,0,0,0,4,2,0,0,0,1,4,1,0,1,0,1,0,1,1,0,0,0,0,1,0,0,0,0,0,0,0,1,0,0,0,0,1,1,0,1,1,1,1,1,0,3,0,2,0,0,1129,0,0,1,0,1,0,0,0,0,0,0,1,0,0,0,0,0,0,0,1,0,0,0,0,0,0,1,0,0,0,1,0,0,1,0,0,0,0,0,1,0,1,1,1,0,0,1,0,0,1,0,1076,0,0,0,0,1,1,1,0,0,0,0,1,0,2338,0,0,0,0,0,1,1,0,0,1,1,2387,49,0,0,0,0,0,0,0,0,0,0,0,0,0,0,1,0,0,0,0,1,1,1,0,0,0,0,0,0,1,0,0,0,0,57.0,0,0,0,6,6,2,0,939,0,1,0,0,0,0,0,1,0,0,0,0,0,0,0,0,0,0,0,0,2,6,4,5,153,0,1,0,0,1,0,1,0,0,0,3,0,0,0,2,1,1,0,0,0,0,0,1,0,0,0,0,0,0,1,1,0,0,0,0,2,0,0,0,0,0,0,0,0,2,0,0,1,0,0,1,0,0,0,51,0,0,0,0,0,1,0,0
986,2,1,0,3,0,1,0,1,0,0,0,1,0,0,0,0,0,0,1,0,0,0,2,4,18,2,0,0,0,1,0,1,2,1,0,2,0,0,0,0,0,1,1,0,0,1,2,0,0,0,1,3,0,1,1,1,0,0,1,0,0,0,2,1,1,0,0,0,1,1,0,0,0,2,0,0,0,1,0,0,0,1,1,0,0,1,1,1,0,0,0,0,0,0,1,1,1,0,0,0,1,1,0,1,0,0,0,0,0,0,0,0,0,0,0,0,0,0,0,2,0,0,0,0,0,1,0,0,0,0,0,0,1,0,0,1,1,0,1,1,0,1,0,0,1,1,0,0,1,0,0,0,0,0,3,0,0,0,0,0,0,0,0,0,0,0,0,0,0,0,0,1,1,1,0,0,0,0,1,0,960,0,0,0,0,0,0,0,0,0,0,0,0,55,0,0,0,0,0,0,0,0,0,0,0,0,0,0,0,0,0,0,0,1,1,1,0,0,1,0,0,0,0,0,1,0,0,57.0,1,0,0,5,0,0,0,329,0,1,0,0,0,0,0,0,1,0,0,0,0,0,22,0,0,0,1,0,1,3,4,4,56,0,1,55,0,0,0,0,0,1,0,1,0,0,0,1,1,0,0,0,0,0,0,0,0,1,0,0,0,0,0,2,0,0,2,0,0,0,0,1,0,0,0,0,0,2,1,0,1,0,0,0,0,0,0,22,0,0,3,0,0,4,1,0
83,5,1,0,11,0,3,0,1,0,0,0,0,0,1,0,0,0,0,0,0,0,0,3,7,47,2,3,0,0,0,0,3,1,0,1,5,0,1,1,0,0,1,0,0,0,1,0,0,0,0,0,2,0,0,0,0,2,0,2,1,0,0,0,6,0,0,0,2,1,4,1,0,1,2,0,0,0,1,0,0,0,0,1,0,0,0,0,0,1,1,0,0,0,0,0,1,0,0,1,0,1,1,1,1,0,0,0,0,0,0,0,0,0,0,0,0,0,0,0,1,0,1,3,0,0,0,0,0,0,0,0,0,0,0,5,0,0,0,0,0,0,1,0,0,3,1,0,0,5,0,0,0,0,0,5,0,0,0,0,0,0,0,0,0,0,0,0,0,0,1,0,1,1,0,1,0,0,0,1,0,0,421,0,1,0,0,1,1,0,0,1,1,1073,34,0,0,0,0,0,0,0,0,0,0,0,0,0,0,0,0,0,0,0,0,0,0,0,0,0,0,0,0,0,0,1,0,0,0.0,0,0,0,0,6,0,0,390,0,0,0,0,0,0,0,0,0,0,1,0,0,0,0,0,0,0,0,0,6,1,13,5,102,5,2,48,4,0,0,0,0,0,0,3,1,2,0,0,0,0,0,0,0,0,0,0,0,0,0,4,0,0,3,2,0,1,0,0,0,2,1,2,0,0,0,0,0,2,0,0,1,0,0,2,0,4,1,64,45,0,5,0,2,14,18,0
2673,1,1,0,2,0,0,0,1,0,0,0,0,0,0,0,1,0,0,0,0,0,0,3,10,14,3,0,0,0,0,0,0,4,1,8,10,3,0,3,0,0,0,3,1,0,2,1,0,2,0,0,9,1,0,0,0,0,0,2,0,0,0,3,0,0,0,0,0,3,0,0,0,0,0,0,1,0,1,0,1,0,0,1,1,0,0,0,0,0,0,0,0,0,0,1,0,0,0,0,0,1,0,0,0,0,0,0,0,0,0,0,0,0,0,0,0,0,0,0,1,0,0,0,0,0,0,0,0,0,0,0,0,1,0,0,0,0,0,0,0,0,1,0,0,1,0,0,0,0,0,0,0,0,0,0,0,0,0,0,0,0,0,0,0,0,0,0,0,1,0,0,4,1,1,0,0,1,0,1,0,79,0,0,0,0,0,0,0,0,0,0,0,0,59,1,0,0,0,0,0,0,0,0,0,0,0,0,0,0,0,0,0,0,0,1,0,1,0,1,0,0,0,0,0,1,0,1,5.0,1,0,0,1,0,0,0,70,0,0,0,1,1,0,0,0,0,0,0,1,0,0,0,0,0,0,0,0,2,2,8,5,59,8,4,57,0,0,0,0,0,1,1,1,0,0,0,0,1,0,0,0,0,0,0,0,1,0,0,5,0,0,0,1,0,0,1,0,0,0,0,0,0,0,0,0,1,2,1,0,1,0,0,0,0,5,0,17,17,0,3,0,0,3,2,0
248,2,0,0,2,2,0,1,0,0,0,1,0,0,0,0,0,0,0,0,1,0,0,1,4,9,3,1,0,0,0,2,0,0,0,0,0,0,0,0,0,0,0,0,0,0,3,2,0,0,0,0,4,0,0,0,0,0,0,2,0,0,0,0,0,3,0,0,0,0,0,0,0,0,0,0,0,0,1,0,0,0,0,1,0,0,0,0,0,0,0,0,0,0,0,0,0,1,0,0,0,0,0,0,0,0,0,0,0,0,0,0,0,0,0,0,1,0,0,0,0,0,0,0,0,0,0,0,0,0,0,0,1,0,0,0,0,0,0,0,0,0,0,0,0,1,1,0,0,2,0,0,0,0,0,2,0,0,0,0,0,0,0,0,0,0,0,0,1,0,1,0,2,1,0,1,0,0,0,1,530,0,1127,0,0,0,0,0,0,0,0,0,0,0,47,1,0,1,1,1,0,1,1,0,0,1,1,1,0,0,1,1,1,1,1,1,1,1,1,1,1,1,1,1,1,1,1,1,99.0,0,0,0,6,6,2,0,460,0,0,1,0,1,0,0,0,0,1,0,0,0,0,24,0,1,0,0,0,4,3,5,5,28,0,0,0,0,0,0,0,1,1,1,1,0,0,2,1,0,0,0,0,0,0,0,0,0,0,0,0,0,0,0,2,0,0,1,0,0,0,0,0,0,2,0,0,0,2,0,0,1,1,0,0,0,0,1,12,0,0,3,0,0,4,1,0
153,2,0,0,1,2,0,1,0,0,0,1,0,0,0,0,0,0,0,0,1,0,0,3,1,20,9,5,0,0,0,0,7,13,0,0,2,1,0,1,0,0,2,3,8,0,1,0,0,3,2,0,1,0,0,1,0,0,0,0,0,0,0,1,1,3,0,2,1,12,1,0,0,0,2,3,1,0,1,0,1,1,0,1,0,0,0,1,0,0,0,0,0,0,0,1,1,1,1,0,1,1,1,0,1,1,0,0,0,0,0,0,0,0,0,0,0,0,0,1,1,2,1,0,0,0,0,1,0,0,0,0,0,0,0,0,1,0,1,1,0,1,1,0,0,1,1,0,0,4,0,0,0,0,1,4,0,0,0,0,0,0,0,0,0,0,0,0,0,0,0,0,0,0,0,0,0,0,0,0,0,0,0,0,1,0,0,1,1,0,0,1,1,1740,35,0,1,1,0,0,1,0,1,0,0,1,1,0,0,3,1,1,1,0,0,0,0,0,0,0,0,0,0,0,0,1,0,0,57.0,0,0,0,0,0,1,1,384,540,0,0,0,0,0,1,0,0,0,0,0,0,0,0,0,0,0,0,0,2,1,5,3,144,1,2,90,1,0,0,1,0,1,0,0,0,2,0,5,1,0,0,1,0,0,0,0,1,4,0,0,0,1,1,3,0,0,0,0,0,0,0,1,0,0,0,0,0,3,0,0,2,0,0,1,0,0,0,73,0,0,4,0,0,8,34,0
1056,3,1,1,3,0,0,0,1,0,0,1,0,0,0,0,0,0,0,0,0,1,0,1,1,5,0,3,0,0,0,0,2,3,1,0,1,0,0,0,0,0,0,1,1,1,1,0,0,5,0,0,0,0,0,0,0,0,0,0,0,0,0,0,1,0,0,0,0,4,0,0,0,0,0,1,1,1,1,0,1,0,0,0,0,0,0,0,0,0,0,0,0,0,0,0,1,0,0,0,1,1,0,0,0,1,0,0,0,0,0,0,1,0,1,1485,1,0,0,0,0,0,0,0,0,1,0,0,0,0,1,0,0,0,0,0,1,0,0,1,1,0,0,0,0,0,0,0,0,0,0,0,0,0,0,0,0,0,0,0,0,0,0,0,0,0,0,0,0,0,0,0,0,0,0,0,0,0,0,0,0,0,0,0,0,0,0,0,0,0,0,0,0,0,27,1,0,0,0,0,0,0,0,0,0,0,0,0,0,0,0,0,0,0,0,0,0,0,0,0,0,0,0,0,0,0,0,0,0.0,0,0,0,0,0,1,1,303,303,0,0,0,0,0,1,0,0,0,0,0,0,0,0,0,0,0,0,1,0,0,2,2,19,2,2,15,0,0,0,0,0,0,0,0,0,0,0,3,0,0,0,0,0,0,0,0,2,1,0,2,1,0,0,2,0,0,0,0,0,0,0,0,0,0,0,0,0,2,0,0,1,0,0,0,0,1,0,0,0,0,0,0,0,0,0,0
9171,1,1,1,1,0,0,0,1,0,0,0,0,1,0,0,1,0,0,0,0,0,0,2,12,19,1,0,0,0,0,2,5,5,1,0,3,0,0,3,0,0,1,0,3,0,0,1,1,0,0,0,8,1,1,0,0,0,2,0,0,0,0,0,2,0,0,0,0,9,4,0,0,0,0,2,1,0,0,1,0,0,0,1,1,0,1,0,0,0,0,0,0,0,0,0,1,0,0,0,0,1,1,0,0,1,0,0,1,0,2,0,0,0,0,0,0,0,0,2,1,0,0,0,0,0,1,1,0,0,0,0,0,0,0,1,0,2,0,0,1,0,1,0,1,4,0,0,0,0,0,0,0,0,0,0,1,1,1,1,0,0,2,0,0,1,0,1152,0,0,1,0,2,1,1,1,0,0,0,1,0,2263,2669,0,0,0,0,0,0,0,0,0,0,0,59,1,0,0,0,0,0,1,1,0,1,0,0,0,0,0,0,0,0,1,1,1,1,1,1,1,1,1,0,1,1,1,1,1,57.0,0,0,0,6,6,1,0,826,826,1,0,0,0,0,0,1,0,0,0,0,0,0,29,0,0,0,1,0,1,3,3,4,226,2,2,56,0,1,0,0,1,0,0,2,0,0,1,8,0,2,0,0,0,0,2,0,1,1,0,1,1,0,0,3,0,0,1,0,0,0,0,0,0,1,0,0,0,2,0,0,0,2,0,0,0,1,0,85,6,0,3,0,0,3,7,0
513,3,1,0,12,0,0,0,1,0,0,0,0,0,0,0,1,0,0,0,0,0,0,6,10,33,4,7,0,0,2,2,12,8,1,1,11,1,5,4,0,2,6,4,6,0,2,2,0,2,1,0,7,2,0,0,0,0,0,2,0,1,0,3,1,3,0,0,0,8,8,2,0,3,7,2,1,0,1,0,1,1,0,1,1,1,0,0,0,0,0,0,1,0,0,1,1,1,0,0,0,1,1,1,1,1,0,0,0,0,0,0,0,1,0,462,1,0,0,2,2,1,0,0,2,0,0,0,0,1,0,0,1,3,0,1,1,0,0,1,1,0,1,0,0,4,0,0,0,0,1,0,0,0,0,0,2,0,0,0,0,0,0,0,0,0,0,0,1,0,1,0,4,1,1,1,0,0,1,1,2032,340,2032,0,0,0,0,1,1,0,0,4,1,340,43,0,1,1,0,0,1,0,1,0,0,1,1,0,1,3,1,1,1,0,1,1,1,1,1,1,1,1,0,1,0,1,1,1,57.0,0,0,1,6,6,1,0,51,407,0,1,0,0,0,0,0,1,0,0,0,3,1,27,3,0,2,0,0,3,3,15,8,172,8,2,71,1,0,3,0,1,3,0,1,7,0,0,2,1,1,0,0,0,0,0,0,3,1,1,5,1,0,1,2,0,0,1,0,0,0,0,0,0,1,0,0,1,2,0,0,0,3,0,2,0,3,0,5,0,0,1,0,0,9,1,1
568,1,1,0,1,0,1,0,1,0,0,0,0,0,0,0,0,1,0,0,0,0,0,3,7,10,0,0,0,0,1,0,0,0,0,3,3,0,0,1,0,0,0,0,0,0,1,2,0,0,0,0,6,2,0,0,1,0,0,1,0,0,0,0,0,0,0,0,0,0,0,0,0,1,1,1,0,0,1,0,0,0,0,1,1,0,0,0,1,0,0,0,0,0,0,0,0,0,0,0,0,0,0,0,1,1,0,0,0,0,0,0,0,0,0,0,0,0,0,0,0,1,0,0,0,0,0,0,0,0,0,0,0,1,0,0,0,0,0,0,0,0,1,0,0,1,0,0,0,0,0,0,0,0,0,0,0,0,0,0,0,0,0,0,0,0,0,0,0,0,0,0,2,1,1,0,0,0,0,1,440,379,0,0,1,0,0,1,1,0,0,1,1,581,39,0,0,0,0,0,0,1,1,0,1,0,0,0,0,0,0,0,1,1,1,1,1,0,1,1,0,0,0,0,1,1,1,0,0.0,1,1,0,1,6,0,0,300,0,1,0,0,0,0,0,1,0,0,0,0,0,0,0,0,0,0,0,0,0,3,5,4,39,4,1,0,0,0,1,0,0,1,1,0,0,0,0,0,0,0,0,0,0,0,0,0,1,0,0,3,0,0,0,1,0,0,1,0,0,0,0,0,0,0,0,0,0,2,1,0,1,0,0,0,0,1,0,16,4,0,0,0,0,6,4,0
2695,1,1,0,2,0,0,0,1,0,0,0,0,0,0,0,1,0,0,0,0,0,0,3,25,32,9,8,1,2,1,2,1,2,0,4,3,2,2,1,0,0,0,0,6,1,0,0,2,0,8,1,6,0,7,0,3,0,0,0,0,0,0,0,10,0,1,1,0,2,19,1,0,0,0,1,1,1,0,1,0,1,1,1,0,0,1,0,1,0,0,0,0,1,0,0,1,0,1,0,0,1,1,1,0,1,0,0,0,0,0,0,0,0,0,0,1,1,0,0,1,1,0,0,0,1,0,0,0,0,1,0,0,3,0,0,0,1,0,0,1,0,1,1,1,5,0,0,0,0,0,0,0,0,0,0,1,0,0,0,0,0,0,0,0,0,0,0,1,0,1,0,5,1,1,1,0,1,0,1,1157,3859,3859,0,0,1,0,2,1,0,0,2,1,9767,45,0,0,0,0,0,0,1,0,0,1,0,0,0,1,0,0,0,0,1,1,1,1,1,1,1,1,1,1,1,1,1,0,0,73.0,0,0,0,6,6,1,0,190,190,0,0,1,1,0,0,0,0,1,0,1,0,0,0,0,0,0,0,3,5,13,5,3,196,2,3,73,0,3,0,0,1,0,0,0,1,1,0,7,1,0,1,0,1,1,0,0,1,3,0,3,1,1,0,3,0,3,0,0,0,0,0,1,1,0,0,0,0,2,0,0,1,2,0,0,0,0,0,95,47,0,0,0,7,1,12,0
18965,1,1,1,1,0,0,0,1,0,0,0,0,0,0,0,1,0,0,0,0,0,0,2,10,33,3,7,0,0,1,1,5,6,0,2,7,1,3,2,0,1,3,0,2,0,0,0,4,3,5,0,8,0,0,0,1,0,0,0,0,1,0,0,2,0,0,0,1,3,8,1,0,0,3,0,1,0,0,1,1,1,0,1,0,0,0,0,1,0,0,0,1,0,0,0,1,0,0,0,0,1,1,1,1,0,0,0,0,0,0,0,3,0,1,2780,1,1,0,1,1,0,0,0,1,1,0,2,0,0,1,0,0,0,0,2,0,1,0,0,1,0,1,1,1,4,0,0,0,0,0,0,0,0,0,1,0,0,0,0,0,0,0,0,0,0,0,0,0,0,0,0,2,1,1,0,0,2,0,1,0,1193,0,0,0,0,1,1,1,0,0,1,1,2327,52,1,0,0,0,0,0,0,0,0,0,0,0,0,0,3,0,0,0,0,1,1,0,0,1,1,1,1,1,1,0,1,0,1,99.0,1,0,0,6,6,0,0,77,0,0,0,1,0,1,0,0,0,0,0,1,3,1,31,0,3,2,0,1,4,4,5,2,545,2,2,331,2,3,0,0,1,0,0,0,0,1,0,7,1,1,1,0,1,0,0,0,2,5,1,2,1,0,0,4,0,1,0,0,0,0,0,0,1,0,0,1,1,2,0,1,1,1,0,2,0,1,0,0,7,0,0,0,0,3,7,0
913,2,1,1,2,0,0,0,1,0,0,1,0,0,0,0,1,0,0,0,0,0,0,3,9,22,5,8,0,0,6,0,0,2,0,0,0,0,1,0,0,0,0,0,3,0,0,0,0,3,5,0,5,2,1,0,4,0,0,0,0,1,0,0,5,1,0,0,2,3,1,1,0,0,0,4,1,0,0,0,1,1,0,1,1,0,1,0,1,0,0,0,1,0,0,0,1,1,0,0,0,1,1,1,0,1,0,0,0,1,0,1,0,0,0,0,0,1,0,0,2,1,0,0,0,0,0,0,0,0,0,0,0,3,0,1,0,0,0,0,0,0,1,0,0,1,0,0,0,0,0,0,1,1,0,0,0,0,0,1,0,0,0,0,0,1,0,484,0,0,0,0,0,0,0,0,0,0,0,0,0,0,0,0,0,0,1,1,1,0,0,1,1,1353,51,0,1,0,0,0,0,1,1,0,1,0,0,0,0,4,0,1,0,1,1,1,1,1,1,1,1,1,1,1,1,1,1,1,0.0,1,1,0,1,1,0,0,464,0,0,1,0,0,0,0,0,1,0,0,0,0,0,0,0,0,0,0,0,7,12,11,2,133,2,2,59,4,1,0,1,0,0,0,0,1,1,0,0,0,0,0,0,1,0,0,0,1,0,0,1,0,0,0,2,0,0,0,1,3,0,0,4,1,0,0,0,2,2,0,1,1,0,0,1,0,0,0,91,44,0,0,0,2,0,2,0
547,5,1,0,7,1,0,0,1,0,0,0,1,0,0,0,0,0,0,1,0,0,0,5,9,32,8,0,0,0,0,0,0,0,1,2,4,3,0,2,0,0,0,0,0,0,2,1,0,3,0,0,4,0,0,0,1,1,0,1,7,0,0,0,5,1,0,0,0,0,2,1,0,0,1,1,0,0,1,0,1,0,0,1,0,0,0,0,1,1,1,0,0,0,0,0,1,1,0,0,0,0,1,1,1,1,0,0,0,0,0,0,0,0,0,0,0,0,0,0,2,0,1,1,1,0,0,0,0,0,0,0,0,2,0,3,0,0,0,0,0,0,1,0,0,1,0,0,0,0,0,0,1,1,1,0,0,0,0,0,0,0,0,0,0,0,0,0,1,0,1,0,6,1,1,1,0,0,0,1,666,666,666,0,0,1,0,2,1,0,0,2,1,2668,47,0,0,0,0,0,0,0,0,0,0,0,0,0,0,7,0,0,0,0,1,1,1,1,1,1,1,1,1,1,1,1,1,1,0.0,0,0,0,0,0,0,0,284,0,1,0,0,1,0,0,0,0,1,0,0,0,0,24,0,1,0,0,0,4,3,9,4,163,3,3,32,3,0,0,1,0,0,0,2,0,2,0,0,1,0,0,1,0,0,0,0,0,0,0,2,0,0,1,3,0,0,1,0,0,0,0,4,0,0,0,0,0,2,0,0,2,0,0,1,0,2,0,56,31,0,5,0,0,15,7,0
329,5,0,0,9,3,4,0,0,0,0,1,0,0,0,0,0,0,0,0,1,0,0,2,5,19,6,3,0,0,0,0,2,1,1,0,1,0,0,1,0,0,0,0,1,0,1,0,0,7,1,0,2,0,0,0,0,0,0,1,0,0,0,1,4,0,0,0,0,3,1,1,0,0,1,1,1,0,1,0,1,1,0,1,0,0,0,0,0,0,0,0,0,0,0,1,1,0,0,0,0,1,1,1,1,1,0,0,0,0,0,0,0,0,0,0,0,0,1,0,0,0,0,0,3,0,0,0,1,0,0,0,0,2,0,1,0,0,0,1,0,0,1,0,0,1,0,0,0,0,0,0,0,0,0,0,0,0,0,0,0,0,0,0,0,0,0,0,1,0,1,0,3,1,0,1,0,0,1,1,622,0,622,0,0,0,0,0,0,0,0,0,0,0,37,0,0,0,0,0,0,0,0,0,0,0,0,0,0,0,0,0,0,0,1,1,1,1,1,1,1,1,0,1,0,1,0,0,0.0,0,0,1,6,6,0,0,344,0,0,1,0,0,0,0,0,1,0,0,0,0,0,0,0,0,0,0,0,1,2,3,4,49,2,3,7,0,1,0,0,0,1,0,2,0,1,0,0,0,1,0,1,1,0,0,0,1,0,1,2,0,1,0,1,0,0,0,0,0,0,0,0,0,0,0,0,1,2,0,0,1,0,0,0,0,2,0,57,21,0,10,0,0,38,34,0
1306,2,1,1,2,0,0,0,1,0,0,1,0,0,0,0,1,0,0,0,0,0,0,1,7,25,5,3,0,0,0,0,0,4,0,0,0,0,0,0,0,0,0,0,5,1,0,2,0,2,2,1,6,1,0,0,0,0,1,0,1,0,0,0,2,0,1,0,0,1,1,0,0,0,0,3,1,1,0,0,1,1,1,1,1,0,0,0,0,0,1,0,0,0,0,0,1,0,0,0,0,1,1,0,0,1,0,0,0,1,0,1,0,0,0,0,0,3,0,0,1,1,0,0,0,0,0,0,1,0,0,0,0,0,0,0,0,0,0,1,0,1,0,0,0,3,0,0,0,0,0,0,0,0,0,0,0,0,0,0,0,0,0,0,1,1,0,1652,0,0,0,0,0,0,0,1,0,0,0,1,0,0,380,0,0,0,0,0,0,0,0,0,0,0,29,0,0,1,0,0,0,1,1,0,1,0,0,0,0,0,0,0,1,1,1,0,0,1,0,1,0,0,0,1,0,1,0,0,0.0,0,0,0,0,0,1,1,59,59,1,0,0,0,0,0,1,0,0,0,0,0,0,0,0,0,0,0,0,2,3,4,2,84,1,2,39,0,1,0,0,0,0,0,0,1,2,0,0,0,0,0,0,1,0,0,0,1,0,0,0,0,0,0,0,1,0,1,0,1,0,0,1,0,0,0,0,0,2,0,0,0,0,0,0,0,0,0,44,42,0,2,0,0,2,7,0
1260,2,1,1,2,0,0,0,1,0,0,0,0,0,0,0,0,1,0,0,0,0,0,0,4,17,2,0,0,0,0,0,1,1,0,0,0,0,0,0,0,0,0,0,0,0,1,0,0,1,0,0,2,0,0,0,0,0,0,1,0,0,0,0,5,1,1,0,1,0,1,0,0,0,0,0,0,0,1,0,1,0,0,1,0,0,0,0,0,0,0,0,0,0,0,0,1,1,0,0,0,0,1,0,0,0,0,0,0,0,0,0,0,0,0,0,0,0,0,0,0,1,0,0,0,0,0,0,0,0,0,0,0,0,0,1,0,0,0,0,0,0,1,0,0,0,0,0,0,0,1,0,0,0,0,0,1,0,0,0,0,0,0,0,0,0,0,0,0,0,1,0,2,1,1,1,0,0,0,1,0,2386,3117,0,0,0,0,0,0,0,0,1,1,0,59,0,1,0,1,1,1,1,1,1,1,1,1,0,1,3,1,1,1,1,1,0,0,1,0,1,0,0,0,1,0,1,0,0,0.0,0,0,0,6,6,0,0,372,0,1,0,0,0,0,0,1,0,0,0,0,0,0,0,0,0,0,0,0,2,0,8,5,10,0,0,0,0,0,0,0,0,1,1,1,0,0,0,0,0,0,0,1,0,0,0,0,0,0,0,0,0,0,0,1,0,0,0,0,0,0,0,1,0,0,0,1,0,2,0,0,1,0,0,0,0,0,0,0,0,0,1,0,1,1,630,0
19432,1,1,1,1,0,0,0,1,0,0,0,0,0,1,0,0,0,0,0,0,0,0,2,13,25,3,3,0,0,0,0,1,2,0,0,0,0,0,0,0,0,0,0,0,0,3,1,0,1,0,0,11,0,0,0,0,2,0,0,0,0,0,0,9,1,0,1,0,0,1,0,0,0,0,1,0,0,1,0,1,0,0,1,0,0,0,0,0,1,0,0,0,0,0,0,1,1,1,0,0,0,1,0,0,1,0,0,0,0,0,0,0,0,0,0,0,0,0,0,1,0,1,1,0,0,0,0,0,0,0,0,0,1,0,2,0,0,0,0,0,0,1,1,0,1,0,0,0,0,0,0,0,0,0,0,0,0,0,0,0,0,0,0,0,0,0,0,0,0,1,0,4,1,1,1,0,0,1,1,0,460,712,0,0,0,0,0,0,0,0,0,0,0,53,0,1,1,1,1,1,1,1,1,1,1,1,1,1,3,1,1,1,1,0,1,1,0,1,1,1,1,0,1,1,0,0,1,0.0,1,0,0,4,4,0,0,460,0,0,1,0,0,0,0,0,1,0,0,0,0,0,0,0,0,0,0,0,2,6,4,5,120,1,2,11,3,1,1,0,1,0,0,3,0,1,0,0,0,0,0,0,1,0,0,0,1,0,0,1,0,0,1,2,0,0,1,0,5,0,0,0,0,0,0,0,1,2,0,0,1,0,0,0,0,0,0,60,51,0,1,0,1,2,0,0
419,4,1,0,5,0,1,0,1,0,0,0,0,1,0,0,1,0,0,0,0,0,0,2,12,19,0,1,0,0,0,0,1,1,0,2,5,0,0,1,0,0,0,0,0,0,3,0,0,0,0,0,5,0,1,0,0,2,0,2,0,0,0,0,9,0,0,1,0,0,0,0,0,2,0,0,0,0,1,0,0,0,0,1,0,0,1,0,0,1,0,0,0,0,0,0,1,0,1,0,0,0,0,0,0,0,0,0,0,0,0,0,0,0,0,0,0,0,0,0,3,0,0,0,1,0,0,1,0,0,0,0,0,0,0,2,1,0,0,1,0,0,1,1,0,2,0,0,0,0,1,0,0,0,0,0,1,0,0,0,0,0,0,0,0,0,0,0,0,0,0,0,1,1,0,0,0,0,0,1,0,0,0,0,0,0,0,0,0,0,0,0,0,0,41,1,0,0,0,0,0,1,1,0,1,0,0,0,0,0,0,0,1,1,0,0,0,1,1,1,1,1,0,1,0,1,1,0,4.0,1,0,1,5,5,0,0,399,0,0,0,1,1,0,0,0,0,1,0,1,1,1,25,0,0,1,0,0,2,6,3,6,64,9,3,11,1,0,2,0,0,0,0,3,0,0,0,0,2,0,0,2,0,0,0,0,3,0,0,5,0,0,0,2,0,0,0,0,2,0,0,2,0,0,0,0,0,2,0,0,1,0,0,2,0,5,0,0,18,21,6,0,2,13,14,0
8103,1,1,1,1,0,0,0,1,0,0,1,0,0,1,0,0,0,0,0,0,0,0,1,3,7,0,2,0,0,0,0,0,3,0,0,0,0,2,0,0,0,0,0,0,0,1,0,0,5,0,0,2,1,0,0,0,0,0,1,0,0,0,1,0,0,0,0,0,0,0,0,0,0,0,0,0,0,1,0,1,0,0,1,1,0,0,0,0,0,0,0,0,0,0,1,0,0,0,0,0,0,0,0,0,0,0,0,0,0,0,0,0,0,0,0,0,0,0,1,0,0,0,0,0,0,0,0,0,0,0,0,0,1,0,0,0,0,0,0,0,0,1,0,0,0,0,0,0,0,0,0,0,0,0,0,0,0,0,0,0,0,0,0,0,0,0,0,0,0,0,0,0,0,0,0,0,0,0,0,0,0,0,0,0,0,0,0,0,0,0,0,0,0,55,0,0,0,0,0,0,1,0,0,1,0,0,0,0,0,0,0,0,1,0,0,0,0,0,0,0,0,0,0,0,0,0,0,0.0,0,0,0,0,6,0,0,181,0,0,0,0,0,0,1,0,0,0,0,0,0,0,0,0,0,0,0,0,3,1,4,4,6,3,1,0,0,0,1,0,0,2,2,0,0,0,0,0,0,0,0,0,0,0,0,0,1,0,0,2,0,0,0,1,0,0,0,0,0,0,0,0,0,0,0,0,1,2,0,0,1,0,0,1,0,1,0,20,9,0,2,0,0,2,0,0
953,2,1,0,4,0,1,0,1,0,0,0,0,0,1,0,0,0,0,0,0,0,0,0,4,7,0,0,0,0,0,0,1,1,0,0,0,0,0,0,0,0,0,0,0,0,0,1,0,0,0,0,4,0,0,0,0,0,2,0,0,0,0,0,0,0,1,0,0,1,0,0,0,0,1,1,0,0,0,0,0,0,0,1,0,0,0,0,0,0,0,0,0,0,0,0,0,0,0,0,0,1,0,0,1,1,0,0,0,0,0,0,0,0,0,0,0,1,0,0,1,0,0,0,0,0,0,1,0,0,0,0,0,0,0,1,0,0,0,0,0,0,1,0,0,2,0,0,0,0,0,0,0,0,0,0,0,0,0,0,0,0,0,0,0,0,0,0,0,0,0,0,2,1,1,0,0,1,0,1,0,541,0,0,0,0,0,0,0,0,0,0,0,0,43,0,0,1,1,1,0,1,1,0,0,1,1,1,0,0,1,1,1,1,1,1,0,1,0,1,0,0,0,0,1,1,1,1,0.0,0,1,1,0,6,0,0,437,0,0,1,0,0,0,0,0,1,0,0,0,0,0,0,0,0,0,0,0,1,0,3,2,200,1,2,11,0,1,0,0,0,0,0,0,0,1,0,0,0,1,0,0,0,0,0,0,1,0,0,1,0,0,0,0,0,0,0,0,0,0,0,0,0,0,0,0,0,2,0,0,0,0,0,0,0,0,0,34,22,0,1,0,0,1,0,0
16921,1,1,1,1,0,0,0,1,0,0,0,0,0,0,0,0,0,1,0,0,0,0,4,14,40,6,3,0,0,4,0,6,2,3,3,6,2,2,2,0,0,1,1,2,1,1,1,0,1,3,0,4,1,0,0,1,0,0,1,2,0,0,4,12,0,0,0,2,3,2,0,0,0,0,2,1,1,1,0,1,1,0,1,1,1,0,0,1,0,1,0,0,0,0,1,1,0,0,1,0,1,1,0,0,1,0,0,0,0,0,0,0,0,0,0,0,0,0,0,1,0,1,1,0,0,1,0,0,0,0,0,0,3,0,0,0,1,0,0,1,0,1,0,1,1,1,0,0,1,0,0,0,0,0,1,0,0,0,0,0,0,0,0,0,0,0,0,1,0,1,0,2,1,0,1,0,0,0,1,1133,0,1973,0,0,0,0,0,0,0,0,0,0,0,47,0,1,0,0,1,0,0,1,0,0,0,0,1,0,1,1,0,1,1,0,1,0,0,0,1,0,1,0,1,1,1,0,1,57.0,0,0,0,6,6,1,1,212,212,1,0,0,0,0,0,1,0,0,0,0,0,0,0,0,0,0,0,1,3,3,8,5,202,2,3,28,5,0,1,0,1,1,1,0,0,2,0,7,0,1,0,0,0,0,0,0,1,2,0,2,1,0,0,4,0,0,1,0,2,0,0,1,0,0,0,1,0,2,0,0,1,0,0,2,1,1,1,65,0,0,1,0,2,2,3,0
545,2,0,0,2,1,1,1,0,0,0,1,0,0,0,0,0,0,0,0,1,0,0,0,5,16,1,1,0,0,1,0,5,1,0,1,0,0,1,1,0,0,4,0,2,0,1,0,0,2,0,0,5,0,1,0,4,0,0,1,0,0,0,0,0,0,0,0,0,4,2,0,0,0,0,0,1,0,1,0,1,0,0,1,0,0,1,0,1,0,0,0,0,0,0,0,0,0,0,0,0,1,1,0,0,0,0,0,0,0,0,0,0,0,0,0,1,0,0,0,0,0,0,0,0,0,1,0,0,0,0,0,0,0,0,0,0,2,0,0,1,0,0,0,1,2,0,0,0,0,0,0,0,1,0,1,0,0,0,0,0,0,0,0,0,0,0,0,0,0,1,0,2,1,1,1,0,0,0,1,0,1538,1538,0,0,0,0,0,0,0,0,0,0,0,56,1,0,0,0,0,0,0,0,0,0,0,0,0,0,0,0,0,0,0,1,0,0,0,0,1,0,1,0,0,0,1,0,1,57.0,0,0,1,6,3,1,0,270,270,1,0,0,0,0,0,1,0,0,0,0,0,0,0,0,0,0,0,1,0,2,4,3,55,1,2,51,0,0,0,0,0,0,0,1,0,0,0,2,0,1,0,0,0,0,0,0,0,1,0,2,1,0,0,4,0,0,1,0,0,0,0,1,0,0,0,0,0,2,0,0,1,1,0,0,0,0,0,62,6,0,2,0,4,2,0,0
14996,1,1,1,1,0,0,0,1,0,0,1,0,0,0,0,0,0,1,0,0,0,0,5,14,32,3,1,0,0,1,0,8,11,0,3,0,0,0,0,0,0,1,7,4,0,0,2,0,2,2,1,7,4,1,0,0,1,0,2,0,5,0,3,4,0,0,0,1,4,1,1,0,0,3,2,1,0,0,0,1,1,1,1,1,0,1,0,0,1,0,0,1,0,0,1,1,0,0,0,0,1,1,1,1,1,0,0,0,0,0,0,1,0,1,5220,0,1,0,2,1,0,0,0,2,0,0,0,0,0,0,0,0,4,0,0,1,0,1,1,0,1,1,0,0,4,0,0,0,0,0,1,0,0,0,0,0,0,0,0,0,0,0,0,0,0,0,0,0,0,1,0,3,1,0,1,0,0,0,1,0,0,1720,0,3,0,0,3,1,0,0,4,1,621,41,1,0,0,0,0,0,0,0,0,0,0,0,0,0,7,0,0,0,0,1,1,1,1,1,1,1,1,1,1,0,1,1,1,57.0,0,0,0,0,5,1,1,15,1422,1,0,0,0,0,0,1,0,0,0,0,3,1,20,2,1,1,0,1,1,6,6,3,137,1,2,3,0,1,0,0,0,0,0,1,0,2,0,5,0,1,0,0,0,0,0,0,2,0,1,2,0,2,1,2,0,0,1,0,1,0,0,0,0,0,0,0,1,2,1,1,1,1,0,0,0,1,0,0,0,0,0,0,0,0,0,0
1298,2,1,1,1,1,0,0,1,0,0,1,0,0,0,0,0,0,0,0,1,0,0,16,14,48,12,10,0,0,1,0,1,3,11,0,10,4,3,1,0,0,0,1,0,0,1,2,1,10,0,0,7,0,0,0,1,0,0,1,2,0,0,9,5,2,0,1,1,10,2,0,0,0,0,8,0,0,1,1,1,0,0,1,0,0,0,0,1,0,1,0,0,0,0,1,1,1,1,0,0,1,1,0,0,1,0,0,1,0,1,0,1,0,1,4123,0,0,0,0,3,0,0,0,0,0,0,0,0,0,0,0,0,1,0,0,2,0,0,1,0,0,0,1,0,1,0,0,1,0,0,0,0,0,1,0,0,0,0,2,0,0,0,0,0,1,0,1587,0,0,1,0,2,1,1,1,0,0,0,1,0,1550,1550,0,0,0,0,0,0,0,0,1,1,0,47,0,1,0,1,0,0,1,1,1,1,0,0,1,1,4,0,1,0,1,1,1,1,1,1,1,1,0,1,1,1,1,1,0,57.0,0,0,0,6,6,0,0,695,0,0,1,0,0,0,0,0,1,0,0,0,6,1,25,1,4,2,0,0,3,6,6,4,148,2,2,61,0,1,2,0,0,0,0,1,0,1,0,5,0,0,0,1,0,0,0,0,0,3,0,0,0,0,0,3,0,0,1,0,3,0,0,1,0,0,0,0,0,2,0,0,2,0,0,0,2,0,0,0,8,0,2,0,0,4,3,0
17761,1,1,1,1,0,0,0,1,0,0,0,0,0,1,0,0,0,0,0,0,0,0,2,17,30,19,10,0,0,0,0,3,2,0,0,5,0,0,0,0,0,1,0,0,0,0,0,0,1,0,0,2,1,0,1,0,4,0,1,0,6,5,0,9,0,0,0,0,1,28,1,0,0,0,0,0,0,0,0,1,0,0,1,1,0,0,1,0,1,0,1,1,0,1,0,1,0,0,1,1,1,1,1,0,0,0,0,0,0,0,0,0,0,0,0,0,0,0,0,2,1,0,2,0,0,0,0,0,0,0,0,0,4,0,1,0,0,0,0,0,0,1,0,0,2,0,0,0,0,0,0,0,0,0,0,0,0,0,0,0,0,0,0,0,0,0,0,0,0,1,0,1,1,0,1,0,0,0,1,0,0,479,0,0,0,1,1,1,0,0,1,1,1599,49,0,1,1,0,0,0,1,1,0,0,0,1,0,1,1,1,1,1,1,1,1,1,1,0,1,0,1,1,1,1,1,0,0,57.0,0,0,0,6,0,1,1,2,158,1,0,0,0,0,0,1,0,0,0,0,0,0,0,0,0,0,0,0,4,4,5,3,211,0,1,92,0,2,0,0,0,0,0,1,1,1,0,1,0,0,0,2,1,0,0,0,0,1,0,0,0,0,1,2,0,0,0,0,1,0,0,5,0,0,0,0,1,2,0,0,1,0,0,0,1,0,0,94,70,0,4,0,0,9,17,0
854,3,1,1,2,1,0,0,1,0,0,1,0,0,0,0,0,0,0,0,1,0,0,4,8,27,3,1,2,0,0,0,4,6,0,1,4,0,0,2,0,0,1,1,4,0,2,0,1,2,0,0,5,0,0,0,0,0,0,3,0,0,0,0,1,3,0,0,0,4,2,0,0,0,2,8,1,0,1,1,1,0,0,1,0,0,0,0,0,0,0,0,0,0,0,0,1,1,0,0,0,1,1,0,1,1,0,0,0,0,0,0,0,1,0,847,0,1,0,2,0,0,0,0,0,0,1,0,0,0,2,0,0,0,0,1,0,1,0,0,1,0,1,0,1,3,1,0,0,1,0,0,0,0,0,4,0,0,0,0,0,0,0,0,0,1,0,1092,0,1,0,0,3,1,1,0,0,1,0,1,0,2986,0,0,1,0,0,1,1,0,0,1,1,2871,50,1,0,0,0,0,0,0,0,0,0,0,0,0,0,0,0,0,0,0,1,1,1,1,0,1,1,0,0,1,1,1,1,1,57.0,0,0,1,4,6,2,0,1260,0,0,1,0,0,0,0,0,0,1,0,0,0,0,26,0,1,0,0,1,1,2,4,5,109,1,2,33,0,0,0,0,0,1,0,2,0,0,0,5,1,1,0,0,0,0,0,0,2,1,0,1,1,0,0,3,0,0,1,0,0,0,0,0,0,1,0,0,0,2,0,0,1,0,0,0,0,0,0,67,0,0,8,4,2,8,6,0
1657,4,1,0,8,0,3,0,1,0,1,0,0,0,0,1,0,0,0,0,0,0,0,4,9,28,6,6,0,0,0,2,6,3,1,0,4,1,3,2,0,2,3,2,3,1,2,1,0,4,0,1,7,1,0,0,1,1,1,1,0,0,0,0,5,1,0,0,0,6,9,1,0,0,0,1,1,1,1,0,1,0,1,1,1,0,0,0,1,1,0,0,0,0,0,0,1,1,0,0,0,1,1,1,0,1,0,0,0,0,0,0,0,0,0,0,0,1,1,0,0,0,0,0,1,1,0,0,0,0,1,0,0,0,0,1,1,0,0,1,1,1,1,0,1,2,0,0,0,0,0,0,0,1,0,2,0,0,0,0,0,0,0,0,0,0,0,0,0,0,0,0,0,0,0,0,0,0,0,0,0,0,0,0,0,0,0,0,0,0,0,0,0,0,34,0,1,1,0,0,1,0,1,0,1,1,1,0,0,1,1,1,1,1,1,1,1,1,1,1,1,1,1,1,1,1,0,0,57.0,0,0,0,4,0,1,1,903,903,1,0,0,0,0,0,1,0,0,0,0,0,0,0,0,0,0,0,0,1,3,6,6,158,2,2,110,1,0,1,0,1,1,1,1,0,2,1,6,0,0,0,0,0,0,0,0,1,5,0,2,1,0,0,4,1,0,1,0,0,0,0,2,0,0,0,0,0,2,0,0,2,1,0,0,0,1,0,75,4,0,6,0,2,17,19,0
3425,1,1,1,1,0,0,0,1,0,0,0,0,0,0,0,1,0,0,0,0,0,0,0,11,10,1,0,0,0,1,0,0,2,0,11,10,1,0,6,0,0,0,2,1,0,1,2,0,0,0,0,11,1,0,0,1,0,0,1,0,0,0,0,0,0,0,0,0,3,0,0,0,0,0,0,1,0,1,0,0,0,0,1,1,0,0,0,1,0,0,0,0,0,0,0,0,0,0,0,0,1,0,0,0,0,0,0,0,0,0,0,1,0,1,9194,0,2,0,0,0,0,0,0,0,0,0,0,2,0,0,0,0,0,0,0,1,0,0,1,0,0,0,0,1,3,0,0,1,0,0,0,0,0,1,0,0,0,0,0,0,0,0,0,0,0,0,0,1,0,0,0,3,1,1,0,0,1,0,1,234,234,0,0,0,0,0,1,1,0,0,1,1,316,56,0,1,1,0,0,1,0,1,0,0,1,1,0,1,3,1,1,1,0,1,0,1,0,1,1,1,1,0,1,0,0,0,1,2.0,0,0,0,0,0,0,0,206,0,0,1,0,0,0,0,0,0,1,0,1,0,0,0,0,0,0,0,1,2,5,5,5,13,13,5,13,0,0,1,0,0,1,1,0,0,0,0,1,1,0,0,0,0,0,0,0,3,1,0,9,0,1,0,2,0,0,1,0,0,0,0,1,0,0,0,0,0,2,0,0,1,0,0,0,0,7,0,0,0,0,0,0,0,0,0,0
755,2,1,0,3,0,0,0,1,0,0,0,0,0,1,0,0,0,0,0,0,0,0,2,11,16,2,4,0,0,0,0,0,2,0,0,0,0,0,0,0,0,0,0,0,0,1,0,0,2,0,1,5,0,0,0,1,0,0,1,0,0,0,0,6,0,0,0,1,2,3,0,0,0,0,2,0,0,1,0,1,0,1,1,0,0,0,0,1,0,0,1,0,0,0,0,1,0,0,0,1,1,1,0,0,1,0,0,0,0,0,0,0,0,0,0,0,3,0,1,2,0,1,1,0,1,0,0,1,0,1,0,0,1,0,5,1,0,0,1,1,0,1,0,1,4,0,0,0,0,0,0,0,0,0,0,0,0,0,0,0,0,0,0,0,0,0,0,1,0,1,0,3,1,1,1,0,0,0,1,1092,2079,2079,0,0,0,1,1,1,0,0,1,1,2172,42,0,0,0,0,0,0,0,0,0,0,0,0,0,0,0,0,0,0,0,1,1,0,0,1,1,0,0,1,0,0,1,1,1,57.0,0,0,0,6,6,1,1,678,834,0,0,1,1,0,0,0,0,1,0,1,0,0,0,0,0,0,0,1,1,7,14,4,168,1,2,0,6,0,0,1,0,1,1,0,0,1,0,0,1,0,0,0,0,0,0,0,1,0,0,2,1,0,1,3,0,0,0,0,5,1,0,1,1,0,0,0,0,2,0,0,1,0,1,0,1,1,0,113,72,0,0,0,3,8,10,0
4312,1,1,1,1,0,0,0,1,1,0,0,0,0,0,0,0,1,0,0,0,0,0,3,7,15,1,1,0,0,0,0,3,1,0,0,0,0,0,0,0,0,0,0,0,0,1,1,0,0,0,2,5,1,0,0,1,0,0,2,0,0,0,0,3,0,0,0,0,1,0,1,0,0,2,1,0,0,1,0,0,0,1,1,1,0,0,0,1,0,0,0,0,0,0,0,1,0,0,0,1,1,0,1,1,1,1,1,1,0,2,0,0,0,0,0,0,1,0,0,2,0,0,0,0,0,0,0,1,0,0,0,0,0,0,0,1,0,0,1,0,0,0,0,0,2,0,0,0,0,0,0,0,0,0,0,1,1,1,0,0,0,1,0,0,1,0,547,0,0,1,0,2,1,2,1,0,0,0,1,0,1095,944,0,0,0,0,0,0,0,0,0,0,0,41,1,0,1,1,1,0,1,1,0,0,1,1,1,0,0,1,1,1,1,1,1,0,0,1,1,0,0,1,1,1,1,0,1,99.0,0,0,0,6,6,1,1,464,464,0,1,0,0,0,0,0,0,1,0,0,3,1,31,3,0,0,0,0,4,3,6,3,150,0,1,0,0,1,0,0,0,0,0,1,0,0,0,1,1,1,0,0,0,0,0,0,0,0,1,0,0,0,0,2,0,0,1,0,0,0,0,2,0,0,0,0,1,2,0,0,1,0,1,0,0,0,0,0,17,6,2,0,4,26,11,0
428,2,1,0,3,0,0,0,1,0,0,1,0,0,0,0,0,0,0,0,0,1,0,1,4,12,2,0,0,0,0,0,2,0,0,0,0,0,0,0,0,0,0,0,2,0,2,0,0,0,0,1,2,0,0,0,0,0,0,0,0,1,0,0,3,1,1,0,1,1,1,0,0,0,2,0,1,0,1,0,0,0,1,1,0,0,0,0,0,0,0,0,1,0,0,0,1,1,0,0,0,1,1,0,1,0,0,0,1,0,1,0,0,0,0,0,1,1,0,0,2,0,0,1,0,0,0,0,0,0,0,0,0,3,0,1,1,0,0,1,0,0,1,0,0,1,0,0,0,0,0,0,0,0,0,1,0,0,0,0,0,0,0,0,0,0,0,0,0,0,1,0,2,1,1,1,0,0,0,1,0,1388,1023,0,0,0,0,0,0,0,0,2,1,0,61,0,0,0,0,0,0,1,0,0,1,0,0,0,0,2,0,0,0,1,1,1,0,1,0,1,0,1,0,1,0,1,0,1,57.0,0,1,0,6,6,0,0,548,0,1,0,0,0,0,0,0,1,0,0,0,0,0,0,0,0,0,0,0,2,3,12,5,121,0,1,58,0,1,0,0,0,2,1,1,2,1,0,1,0,0,0,0,0,0,0,0,1,0,0,1,0,0,1,2,0,4,0,0,0,0,0,0,0,0,0,1,1,2,0,0,1,1,0,0,0,0,0,64,0,0,2,0,1,19,21,0
970,2,1,0,2,0,1,0,1,0,0,1,0,0,0,0,1,0,0,0,0,0,0,3,10,10,4,1,0,0,0,0,0,1,0,0,0,0,0,0,0,0,0,0,1,0,1,1,0,2,0,0,10,2,2,0,2,0,0,0,0,0,0,0,0,0,0,0,0,1,0,0,0,0,0,0,1,0,1,0,1,0,0,1,1,0,1,0,1,0,0,0,0,0,0,0,0,0,0,0,0,1,0,0,0,0,0,0,0,0,0,0,0,0,0,0,0,0,1,0,0,0,0,0,0,1,0,0,0,0,1,0,0,1,0,0,0,0,0,0,1,0,1,0,1,1,0,0,0,0,0,0,0,0,0,0,0,0,0,0,0,0,0,0,0,0,0,0,0,0,0,0,0,0,0,0,0,0,0,0,0,0,0,0,0,0,0,1,1,0,0,1,1,198,64,1,0,0,0,0,0,0,0,0,0,0,0,0,0,0,0,0,0,0,0,0,0,0,0,0,0,0,0,0,0,1,0,0,57.0,1,0,0,0,0,1,0,536,536,0,1,0,0,0,0,0,1,0,0,0,0,0,0,0,0,0,0,1,1,2,3,4,53,0,1,17,0,1,0,0,0,1,1,0,0,0,0,4,0,0,0,0,0,0,0,0,1,1,0,1,1,0,0,2,0,0,0,0,0,0,0,0,0,0,0,0,0,2,0,0,1,0,0,1,0,0,0,37,0,0,0,0,0,0,0,0
250,1,1,0,2,0,0,0,1,0,0,0,0,0,0,0,1,0,0,0,0,0,0,1,6,18,2,2,0,0,0,0,2,1,0,1,4,0,0,1,0,0,0,0,1,0,3,0,0,0,0,1,5,0,0,0,1,0,0,1,0,0,0,0,2,0,0,4,0,1,1,1,0,0,1,0,1,0,1,0,0,0,1,1,0,0,0,0,1,0,0,0,0,0,0,0,1,0,1,0,0,1,1,1,1,0,0,0,0,0,0,0,0,0,0,0,0,2,1,0,2,0,0,0,0,0,0,3,0,0,0,0,0,1,0,1,0,0,0,0,0,0,1,1,0,3,0,0,0,0,0,0,0,0,0,3,1,0,0,0,0,0,0,0,0,0,0,0,0,0,0,0,1,1,1,0,0,0,0,1,0,407,0,0,0,0,0,1,1,0,0,1,1,9224,62,0,0,0,0,0,0,0,0,0,0,0,0,0,0,0,0,0,0,0,1,0,0,0,1,1,1,1,1,1,0,1,1,1,0.0,0,0,0,6,6,0,0,259,0,0,0,1,1,0,0,0,0,1,0,1,0,0,0,0,0,0,0,0,4,5,6,7,251,5,4,29,5,0,2,2,0,2,1,1,3,1,0,0,1,0,0,2,0,0,0,0,0,0,0,3,1,0,0,3,0,0,0,0,1,1,0,2,0,0,0,0,2,2,0,0,1,0,0,0,0,2,0,88,2,0,7,0,10,15,8,0
840,2,1,1,2,0,0,0,1,0,0,0,0,0,0,0,0,0,1,0,0,0,0,3,24,45,5,5,1,0,1,0,7,2,1,0,2,1,2,0,1,0,0,0,7,0,0,2,0,5,2,0,10,1,3,1,0,0,0,2,0,0,0,0,9,0,0,0,0,5,7,0,0,0,2,5,1,0,0,0,1,1,0,1,1,1,1,1,0,0,0,0,0,0,0,0,1,0,0,0,0,1,1,0,1,1,1,1,1,0,5,0,0,0,0,0,1,3,0,2,3,0,1,0,0,0,0,1,0,0,2,0,0,5,0,1,1,0,0,1,1,0,1,0,0,6,0,0,0,0,0,0,0,0,0,0,1,1,1,1,0,0,1,0,0,1,14949,2866,1,0,1,0,3,1,1,1,0,0,0,1,1794,5162,5527,0,1,0,0,1,1,0,0,2,1,2336,40,1,1,1,0,0,1,0,1,0,0,1,1,0,0,3,1,1,1,0,1,1,1,1,1,1,1,1,1,1,1,1,1,1,57.0,0,0,1,4,6,1,0,1119,1119,0,1,0,0,0,0,0,1,0,0,0,1,1,21,0,1,0,0,0,0,8,7,4,579,0,1,5,1,2,0,0,1,0,0,2,0,1,0,5,0,0,0,1,0,0,1,0,1,1,0,1,0,0,0,2,0,1,1,0,3,0,0,0,0,1,0,2,1,2,1,1,1,0,0,0,0,0,0,17,16,16,5,1,7,67,8,0
1896,1,1,0,2,0,0,0,1,0,0,0,0,0,0,0,1,0,0,0,0,0,0,3,10,15,2,1,0,0,1,0,3,2,0,5,4,1,1,2,0,0,1,2,3,0,2,1,0,0,0,1,6,0,1,1,0,0,1,1,0,3,0,0,4,2,0,0,0,2,0,0,0,0,0,0,1,0,1,0,0,0,1,1,0,0,1,1,0,0,0,0,1,0,0,0,1,1,0,1,0,1,0,0,0,0,0,0,0,0,0,0,0,0,0,0,0,0,0,0,0,1,0,0,1,0,0,1,0,0,0,0,0,0,0,1,1,0,0,1,0,0,1,0,0,1,0,0,0,0,0,0,0,0,0,0,0,0,0,0,0,0,0,0,0,0,0,0,0,0,1,0,2,1,1,1,0,0,0,1,0,2703,2338,0,0,0,0,0,0,0,0,3,1,0,41,0,1,0,0,1,1,1,1,0,1,0,1,0,1,5,1,1,1,1,1,1,0,1,0,1,1,0,0,1,1,1,1,1,0.0,1,0,0,1,1,1,1,57,57,0,0,1,1,0,0,0,0,1,0,1,0,0,0,0,0,0,0,1,0,7,8,4,102,3,2,22,2,0,0,0,0,0,0,2,0,0,0,1,0,0,0,0,0,0,0,0,2,1,0,4,1,0,1,3,0,1,1,1,2,0,0,0,0,0,0,0,0,2,0,0,2,0,0,0,0,4,0,21,21,0,1,0,0,28,20,1
252,3,0,0,4,3,0,1,0,0,0,1,0,0,0,0,0,0,0,0,1,0,0,3,17,29,11,0,0,0,0,0,8,8,0,1,3,0,0,1,0,0,3,3,3,0,2,0,0,4,1,0,12,0,0,0,0,0,1,2,0,1,2,0,4,1,2,0,0,14,2,0,0,1,0,3,1,0,1,0,1,1,0,1,0,1,0,0,0,0,0,0,1,0,1,0,1,1,0,0,0,1,1,0,0,1,0,0,0,1,0,1,0,0,0,0,0,1,1,1,1,0,0,0,1,0,1,0,1,0,0,0,0,0,0,1,0,2,2,1,1,1,1,0,1,3,0,1,0,0,1,1,0,0,0,0,1,0,0,0,0,0,1,0,0,1,0,1015,0,0,0,0,0,0,0,1,0,0,0,1,0,0,699,0,0,0,0,0,0,0,0,2,1,0,34,1,1,1,0,0,1,0,1,0,0,1,1,0,0,3,1,1,1,0,0,0,0,1,0,1,0,1,0,0,0,1,0,1,57.0,1,0,0,0,6,1,1,1032,1032,0,1,0,0,0,0,0,1,0,0,0,0,0,30,1,0,0,0,1,4,1,6,8,656,1,2,16,2,1,1,0,0,2,1,2,0,0,0,16,0,0,0,1,0,0,1,0,1,0,0,2,1,0,1,3,1,0,0,0,1,1,0,0,0,0,0,0,1,2,1,0,1,1,0,0,0,1,0,88,10,0,3,0,0,10,14,0
48,2,1,0,2,3,0,0,1,0,0,1,0,0,0,0,0,0,0,0,1,0,0,1,3,15,1,0,0,0,2,0,3,4,0,0,0,0,0,0,0,0,0,0,0,0,1,2,0,3,0,0,3,0,1,0,2,0,0,1,0,0,0,0,0,0,0,0,0,3,0,0,0,1,1,1,0,0,1,0,1,0,0,1,0,0,1,0,1,0,0,0,0,0,0,0,0,0,0,0,1,1,0,0,1,1,0,0,0,0,0,0,0,0,0,0,0,0,0,0,2,0,0,0,0,0,0,0,1,0,0,0,0,0,0,0,1,0,0,1,0,0,0,0,0,2,0,0,1,0,0,0,0,0,1,0,0,0,0,0,0,0,0,0,0,0,0,0,1,0,0,0,2,1,0,0,0,0,1,1,832,0,0,1,0,0,0,1,1,0,0,1,1,1230,45,0,0,0,0,0,0,1,1,0,1,0,0,0,0,0,0,0,1,1,1,1,1,1,0,1,1,1,0,1,1,1,0,0,57.0,0,0,0,6,6,1,1,548,868,1,0,0,0,0,0,0,1,0,0,0,0,0,0,0,0,0,0,0,0,3,3,5,61,0,1,0,0,1,1,0,0,1,1,0,0,0,0,1,0,1,0,0,0,0,0,0,0,0,1,0,0,0,0,3,0,0,1,0,0,0,0,1,0,0,0,0,0,2,0,0,2,0,0,0,0,0,0,25,0,0,0,0,0,0,12,0
2439,2,1,1,2,0,0,0,1,0,1,0,0,0,0,1,0,0,0,0,0,0,0,1,3,22,1,1,0,0,0,0,4,3,0,0,1,0,0,0,0,0,2,0,1,1,0,0,0,0,2,0,0,0,0,0,0,1,0,0,0,0,0,0,6,0,0,0,0,2,2,1,0,0,2,1,1,1,0,0,0,1,0,0,0,0,0,0,0,1,0,0,0,0,0,0,1,0,0,0,0,1,1,1,1,1,0,0,1,0,2,0,0,0,0,0,0,1,0,0,2,0,0,0,0,0,0,2,0,0,0,0,0,1,0,0,0,0,0,0,0,0,1,0,0,3,0,0,0,0,1,0,0,0,0,0,1,0,0,1,0,0,0,0,0,1,2366,2182,1,0,1,0,3,1,1,1,0,0,0,1,1093,1093,1093,0,0,0,0,0,0,0,0,0,0,0,46,0,0,0,0,0,0,0,0,0,0,0,0,0,0,0,0,0,0,0,1,1,1,1,1,1,1,1,1,1,1,1,1,1,57.0,0,0,1,5,3,0,0,412,0,0,1,0,0,0,1,0,0,0,0,0,0,0,0,0,0,0,0,0,1,2,3,2,210,0,1,45,0,1,0,0,0,0,0,0,0,1,0,2,1,0,0,0,0,0,0,0,0,2,0,0,0,0,0,2,0,0,0,0,1,0,0,1,0,0,0,0,0,2,0,0,1,0,0,0,0,0,0,84,48,0,4,0,0,17,2,0
3323,3,1,1,2,0,1,0,1,0,0,0,0,1,0,0,1,0,0,0,0,0,0,3,5,16,1,2,0,0,0,0,1,1,0,1,3,0,1,2,0,0,1,1,3,0,0,1,0,2,1,0,2,0,2,0,1,0,0,0,0,0,0,1,0,0,0,0,0,3,1,0,0,0,0,1,1,0,0,0,1,1,0,1,0,0,1,0,1,0,0,0,0,0,0,1,0,0,0,0,1,1,1,0,0,1,0,0,0,0,0,0,0,0,0,0,0,0,1,0,0,1,0,0,0,1,0,0,0,0,1,0,0,0,1,1,0,0,0,0,1,0,1,0,1,2,0,0,0,0,1,0,0,0,0,0,1,0,0,0,0,0,0,0,0,0,0,0,0,0,0,0,1,1,1,0,0,0,0,1,0,1214,0,1,0,0,0,1,1,0,0,2,1,2300,49,1,0,0,0,0,0,0,0,0,0,0,0,0,0,0,0,0,0,0,1,1,0,1,0,1,0,1,0,0,0,1,0,0,57.0,0,0,0,0,6,1,1,678,834,0,1,0,0,0,0,0,1,0,0,0,4,1,37,3,0,1,0,1,1,4,3,2,50,0,1,25,0,0,0,0,1,0,0,0,1,1,0,1,0,0,0,0,0,0,0,0,1,1,0,1,1,0,0,2,0,1,1,0,1,0,0,0,0,0,0,0,0,2,0,0,1,0,0,0,0,0,0,0,69,60,1,0,0,2,0,0
3714,2,1,1,2,0,0,0,1,0,0,1,0,0,0,1,0,0,0,0,0,0,0,1,14,20,7,1,0,0,0,1,4,3,0,0,1,0,0,0,0,0,1,1,2,0,2,2,2,4,4,0,12,0,1,0,0,0,0,2,0,0,0,0,0,1,0,0,0,3,2,0,0,0,0,1,1,0,1,1,1,1,0,1,0,0,1,0,0,0,0,0,0,0,0,0,0,1,0,0,0,1,1,0,0,1,0,0,0,0,0,0,0,0,0,0,1,0,0,0,1,1,0,0,0,1,0,0,0,0,1,0,0,1,0,0,2,0,0,1,1,0,1,0,1,3,1,0,1,1,1,0,0,0,2,1,1,0,0,0,0,0,0,0,0,0,0,0,0,0,1,0,3,1,1,1,0,0,0,1,0,1744,1744,0,0,0,0,0,0,0,0,0,0,0,48,0,0,0,0,0,0,0,0,0,0,0,0,0,0,0,0,0,0,0,1,1,0,1,0,1,0,1,0,1,1,1,0,1,73.0,0,0,1,0,6,1,0,340,340,0,0,1,0,0,1,0,0,0,0,1,0,0,0,0,0,0,0,2,0,7,7,4,747,2,3,94,0,2,0,0,1,1,0,1,1,0,1,12,0,0,1,0,1,1,0,0,1,1,0,3,1,0,0,5,0,0,1,0,0,0,0,1,0,0,0,0,0,2,0,0,2,4,0,1,0,0,1,22,1,0,2,0,0,3,8,0
1102,1,1,0,2,0,0,0,1,0,0,0,0,0,0,0,0,0,0,0,0,1,0,1,16,18,0,0,0,0,0,0,1,0,0,4,4,0,0,2,0,0,0,0,2,0,1,2,0,0,0,0,9,2,3,0,1,0,0,1,0,0,0,1,0,0,0,0,0,0,1,0,0,0,1,0,1,0,1,0,0,0,0,1,1,0,1,0,1,0,0,0,0,0,0,1,0,0,0,0,1,0,1,0,1,0,0,0,1,0,1,0,0,0,0,0,1,1,0,1,0,0,0,0,0,1,0,0,2,0,2,0,0,0,0,0,0,0,0,1,1,0,0,0,1,4,0,0,0,0,0,0,0,0,0,0,0,0,0,1,0,0,0,0,0,1,0,1297,0,0,0,0,1,1,1,0,0,0,0,1,0,2209,0,0,1,0,0,2,1,0,0,3,1,2509,45,0,0,1,0,1,0,0,0,0,0,0,0,0,0,2,0,1,1,1,0,0,0,0,0,0,0,0,0,0,0,1,0,1,57.0,0,0,0,6,6,1,1,548,704,0,1,0,0,0,0,0,1,0,0,0,0,0,0,0,0,0,0,2,0,2,5,3,1,0,1,0,0,0,0,0,0,0,0,1,0,0,0,0,0,1,0,0,0,0,0,0,2,0,0,2,1,0,0,4,0,0,1,0,0,0,0,0,0,0,0,0,1,2,0,0,1,1,1,0,0,0,0,54,18,0,1,0,4,1,2,0
1372,1,1,0,2,0,0,0,1,0,0,1,0,0,0,1,0,0,0,0,0,0,0,1,8,45,6,3,0,0,0,0,1,2,0,1,2,0,0,0,0,0,0,0,0,1,1,0,0,0,0,1,3,0,1,0,0,0,1,1,1,0,0,0,2,0,0,0,0,0,11,3,0,0,1,6,0,1,1,0,0,0,1,1,0,0,1,0,0,0,1,0,0,0,0,0,1,0,0,0,1,0,1,1,1,1,0,0,0,0,0,0,0,0,0,0,0,3,0,0,3,0,0,0,0,0,0,0,0,0,0,0,0,0,0,0,1,0,0,1,0,1,0,0,0,4,0,0,0,0,0,0,0,0,0,1,0,0,0,0,0,0,0,0,0,1,4186,2093,0,0,1,0,2,1,1,1,0,0,0,1,0,881,881,0,0,0,0,0,0,0,0,0,0,0,31,0,0,0,0,0,0,0,0,0,0,0,0,0,0,0,0,0,0,0,1,1,0,0,0,1,1,1,0,1,1,1,0,1,57.0,0,0,1,3,6,1,1,50,206,1,0,0,0,0,0,1,0,0,0,0,0,0,0,0,0,0,0,0,2,2,3,4,48,1,1,0,2,0,0,0,0,1,1,0,0,1,0,0,0,0,0,0,0,0,0,0,1,0,0,0,0,0,0,2,3,0,0,0,3,0,0,1,0,0,0,0,0,2,0,0,2,0,0,1,0,0,0,54,0,0,4,0,0,48,55,0
557,2,1,0,3,1,0,0,1,0,0,1,0,0,0,0,0,0,0,0,1,0,0,4,4,9,4,1,0,0,0,0,6,2,1,0,0,0,0,0,0,0,4,1,1,0,1,0,1,2,0,0,1,0,0,0,0,0,0,1,0,0,0,0,3,1,0,0,0,8,1,0,0,1,2,0,1,0,1,1,1,0,0,1,0,0,0,0,0,0,0,0,0,0,0,0,1,1,0,0,0,1,1,0,1,0,0,0,0,0,0,0,0,0,0,0,0,0,0,0,0,0,0,0,0,1,0,0,0,0,1,0,0,0,0,0,0,0,0,0,1,0,0,0,1,1,0,0,0,0,0,0,0,0,1,0,0,0,0,0,0,0,0,0,0,0,0,0,1,1,0,0,3,1,1,0,0,0,0,1,970,970,0,0,0,0,0,1,1,0,0,1,1,970,53,0,0,1,1,1,0,1,1,0,0,1,1,1,0,0,1,1,1,1,1,1,0,0,0,1,0,0,0,1,0,1,0,0,57.0,0,0,0,6,0,1,0,111,111,0,0,0,0,0,1,0,0,0,0,0,0,0,0,0,0,0,0,1,3,1,3,6,98,0,1,71,0,0,1,0,0,1,0,2,0,0,0,4,2,0,0,0,0,0,0,0,0,3,0,0,1,0,0,2,0,1,0,0,0,0,0,0,0,0,0,0,0,2,0,0,1,0,0,0,0,0,0,54,24,0,3,0,0,4,0,0
2365,2,1,0,2,0,1,0,0,0,0,1,0,0,0,0,0,0,0,0,1,0,0,9,6,45,14,10,0,0,0,0,20,13,2,1,4,2,2,1,0,0,2,1,10,4,0,0,0,9,0,1,4,0,0,0,0,1,2,0,0,1,0,0,13,0,1,0,0,13,13,1,0,0,0,19,1,1,0,0,1,0,1,1,0,0,0,0,0,1,0,0,1,0,0,0,1,0,0,0,1,1,1,1,0,1,0,0,0,1,0,1,0,0,0,0,1,1,1,2,2,0,0,1,1,0,1,0,1,0,2,0,0,0,0,0,0,1,3,1,1,1,0,0,1,9,0,0,0,0,0,0,0,0,0,0,0,0,0,1,0,0,0,0,0,1,0,2250,0,0,1,0,1,1,0,1,0,0,0,1,0,0,1727,0,1,0,0,1,1,0,0,1,1,490,33,0,1,1,0,1,0,0,1,1,1,0,0,0,0,0,0,1,1,1,1,1,1,1,1,1,1,1,1,1,0,1,0,0,57.0,0,0,0,0,6,1,1,490,1080,0,1,0,0,0,0,1,0,0,0,0,0,0,0,0,0,0,0,3,5,11,3,3,790,0,1,390,1,1,0,0,0,0,0,2,0,2,0,13,0,0,0,0,0,0,0,0,2,2,0,3,1,2,2,2,2,0,1,0,2,0,0,0,0,0,0,0,0,2,0,0,1,0,0,1,1,0,0,91,29,0,1,0,2,1,0,0
962,3,0,0,5,2,2,0,0,0,0,1,0,0,0,0,0,0,0,0,1,0,0,8,5,23,8,1,0,0,0,0,4,5,5,0,5,0,1,1,0,0,1,3,2,0,2,0,4,1,0,0,1,0,1,0,0,1,0,0,0,0,0,3,1,1,0,0,0,3,10,1,0,0,0,3,1,0,1,1,1,0,0,1,0,0,1,0,0,1,0,0,0,0,0,1,1,1,0,0,0,1,1,1,0,1,0,0,1,0,4,0,0,0,0,0,0,1,0,0,1,1,0,0,0,0,1,3,0,0,0,0,0,0,0,0,0,1,0,0,1,0,1,0,1,1,0,1,0,0,0,0,0,0,0,0,0,0,0,1,0,0,0,0,0,1,5795,2592,0,0,0,0,1,1,4,1,0,0,0,1,0,3009,347,0,0,0,0,1,1,0,0,1,1,275,57,1,0,1,1,1,0,1,1,0,0,1,1,1,0,0,1,1,1,1,0,0,0,0,1,1,0,0,0,0,0,1,0,0,57.0,0,0,0,0,0,1,0,291,291,0,1,0,0,0,1,0,0,0,0,0,0,0,0,0,0,0,0,1,1,0,4,5,364,0,1,125,2,0,2,0,0,1,1,0,0,1,0,5,0,0,0,0,0,0,0,0,1,4,0,1,1,0,0,3,0,0,0,0,1,0,0,1,0,0,0,0,0,2,0,0,1,0,0,0,0,0,0,115,57,0,1,0,0,6,1,0
2073,2,1,1,2,0,0,0,1,1,0,0,0,0,0,0,0,1,0,0,0,0,0,3,7,14,4,1,0,0,0,4,5,1,2,2,9,2,0,4,0,4,5,1,4,0,0,0,1,0,3,0,1,1,4,0,1,0,0,0,0,0,0,1,0,0,0,0,0,8,0,0,0,0,1,1,1,0,0,1,0,1,0,1,1,1,1,0,1,0,0,0,0,0,0,1,0,0,0,0,0,1,0,0,1,1,0,0,0,0,0,0,0,0,0,0,2,1,1,0,1,0,0,0,0,1,0,0,2,0,2,0,0,1,1,0,0,0,0,1,1,0,1,0,1,4,0,0,0,0,0,0,0,0,0,0,0,0,0,0,0,0,0,0,0,0,0,0,1,0,1,1,4,1,1,1,0,0,0,1,1043,1043,1043,0,0,0,0,1,1,0,0,3,1,459,47,0,0,0,0,0,0,0,0,0,0,0,0,0,0,0,0,0,0,0,1,1,1,1,1,1,1,1,1,1,0,1,0,1,99.0,0,0,1,6,6,0,0,115,0,0,0,0,0,1,0,0,0,0,0,0,0,0,0,0,0,0,0,2,2,1,3,2,395,2,2,368,0,2,0,0,1,0,0,0,0,0,2,10,0,1,1,0,1,0,0,0,2,10,1,3,1,0,0,2,0,0,0,0,0,0,0,0,0,0,0,0,0,2,0,0,1,1,0,0,0,1,0,69,27,0,1,0,0,1,0,0
105,2,1,1,2,0,0,0,1,0,0,0,0,0,0,0,1,0,0,0,0,0,0,2,15,36,4,5,0,0,0,0,1,12,0,5,4,1,1,2,0,0,0,3,3,1,0,2,0,1,4,1,11,0,0,2,0,1,0,2,0,0,0,3,3,1,0,0,0,4,9,1,0,1,0,1,1,1,0,0,1,1,1,1,0,1,0,1,0,1,0,0,0,0,0,1,1,1,0,0,0,1,1,1,0,1,0,0,0,0,0,0,0,0,0,0,1,1,0,0,4,0,0,0,0,0,1,1,0,0,0,2,0,1,0,1,1,1,0,1,1,0,1,0,1,4,0,0,0,0,1,0,0,1,0,0,1,0,0,0,0,0,0,0,0,1,2457,2457,1,0,1,0,4,1,1,1,0,0,0,1,1531,1439,1439,0,0,0,0,0,0,0,0,0,0,0,38,0,1,0,0,1,0,0,1,0,0,0,0,1,0,1,1,0,1,1,1,1,0,1,1,1,0,1,0,1,1,1,1,1,57.0,0,0,0,0,6,1,0,270,270,0,1,0,0,0,0,0,1,0,0,0,2,1,23,0,0,2,0,1,1,4,6,5,327,3,4,61,4,1,2,1,0,0,0,1,0,1,0,10,0,1,0,0,0,0,0,0,1,5,0,2,1,0,0,6,0,0,1,0,2,0,0,0,0,1,0,0,0,2,0,1,1,2,0,1,1,1,0,4,64,61,4,0,2,5,4,0
18,5,0,0,7,1,0,1,0,0,0,1,0,0,0,0,0,0,0,0,1,0,0,1,2,21,3,3,1,0,0,0,15,14,0,0,1,1,1,2,1,0,1,1,1,1,0,0,1,7,0,0,2,0,0,0,0,1,0,0,0,0,0,2,2,0,0,0,0,23,3,1,0,0,3,1,1,1,0,1,1,0,0,1,0,0,0,0,0,1,0,0,0,0,0,1,1,0,0,0,0,1,1,1,1,1,0,0,1,0,1,1,0,0,0,0,1,1,1,0,0,1,0,0,0,1,0,1,0,0,1,0,0,0,2,0,0,1,0,0,1,0,1,0,1,3,0,0,1,0,0,0,0,0,5,0,0,0,0,0,0,0,0,0,1,1,2771,3221,1,0,1,0,6,1,0,1,1,1,1,1,1519,0,1519,0,0,0,0,0,0,0,0,0,0,0,56,0,0,0,0,0,0,0,0,0,0,0,0,0,0,0,0,0,0,0,1,1,0,1,0,1,1,1,1,1,1,1,1,0,57.0,0,0,0,0,0,1,0,187,187,0,1,0,0,0,0,0,0,1,0,1,0,0,0,0,0,0,0,1,1,2,4,2,465,1,2,182,0,0,0,0,0,0,0,0,0,1,0,14,0,0,0,2,0,0,0,0,2,3,0,2,1,0,0,4,0,0,1,0,1,0,0,2,0,0,0,0,0,2,0,0,1,1,0,0,0,1,0,106,58,0,15,0,0,16,18,0
2157,1,1,1,1,0,0,0,1,0,0,0,0,0,1,0,0,0,0,0,0,0,0,2,20,27,6,4,0,0,5,0,7,6,0,0,0,0,0,0,0,0,1,0,10,0,2,2,0,0,0,0,10,3,5,0,1,0,0,1,0,1,0,3,0,2,0,0,0,6,8,0,3,0,4,0,1,0,1,0,0,0,0,1,1,0,1,0,1,0,0,0,1,0,0,1,0,1,0,0,0,1,1,0,1,0,0,0,0,0,0,0,0,0,0,0,3,2,0,0,1,0,0,1,0,1,0,0,0,0,1,0,0,0,0,2,2,2,0,1,1,0,1,0,1,8,0,0,0,0,0,0,0,0,0,0,0,0,0,0,0,0,0,0,0,0,0,0,1,0,1,0,2,1,0,1,0,0,0,1,1871,0,1871,1,0,0,0,2,1,0,0,3,1,3945,64,1,1,1,0,0,1,1,1,0,1,1,1,0,1,3,1,1,1,1,1,1,1,1,1,1,1,1,1,1,0,1,1,1,57.0,1,1,0,4,3,1,0,364,364,0,1,0,0,0,0,0,1,0,0,0,0,0,0,0,0,0,0,1,1,3,9,3,218,0,1,32,0,0,0,0,0,0,0,2,3,0,0,4,0,0,0,0,0,0,0,0,1,2,0,0,1,0,0,4,0,0,1,0,0,0,0,1,0,0,0,0,1,2,0,0,1,1,0,1,0,0,0,67,13,0,4,0,7,4,2,0
139,4,0,0,4,1,0,1,0,0,0,1,0,0,0,0,0,0,0,0,1,0,0,4,6,15,3,1,0,0,0,0,3,0,0,2,2,0,0,1,0,0,2,0,2,0,1,1,0,1,0,1,4,0,2,0,1,0,0,0,0,0,0,1,1,2,0,0,0,2,0,0,0,3,0,1,1,0,1,0,1,0,1,1,0,0,1,0,1,0,0,0,0,0,0,1,1,1,0,0,0,1,0,0,0,1,0,0,1,0,1,0,0,0,0,0,0,0,2,1,0,0,0,0,0,1,0,0,0,0,1,0,0,0,1,1,1,0,0,1,1,0,1,0,1,2,0,0,0,0,0,0,0,0,0,0,0,0,0,1,0,0,0,0,0,1,0,631,1,0,0,0,4,1,1,0,1,0,0,1,672,672,0,0,0,0,0,0,0,0,0,0,0,0,60,0,0,0,0,0,0,0,0,0,0,0,0,0,0,0,0,0,0,0,1,1,0,1,1,1,0,0,0,0,1,1,1,0,57.0,0,0,0,0,6,0,0,14,0,0,1,0,0,0,0,0,1,0,0,0,0,0,0,0,0,0,0,1,2,1,4,5,35,2,2,2,0,0,1,0,0,1,0,0,2,0,0,1,0,1,0,0,0,0,0,0,2,1,1,3,1,0,0,5,1,0,0,0,0,0,0,1,0,1,0,0,0,2,0,0,3,0,0,1,0,1,0,51,27,0,3,0,0,18,9,0
741,4,1,1,4,0,0,0,1,0,0,0,1,0,0,0,0,0,0,1,0,0,0,1,5,34,8,9,0,0,0,0,2,12,0,0,2,0,2,2,0,0,0,1,3,4,0,3,0,0,0,1,0,0,1,1,0,6,1,0,0,0,0,1,3,0,0,0,0,2,22,2,0,0,1,2,1,1,0,0,0,0,1,0,0,0,1,1,0,1,0,0,0,0,0,1,1,0,0,0,0,1,1,1,1,1,0,0,0,0,0,0,0,0,0,0,0,0,0,0,0,1,0,0,2,0,1,0,0,0,0,0,0,0,0,1,0,1,0,0,1,1,1,0,1,2,0,0,0,0,0,0,1,2,0,0,0,0,0,0,0,0,0,0,0,0,0,0,1,0,1,0,2,1,0,1,0,0,0,1,2474,0,2474,0,0,0,0,0,0,0,0,0,0,0,29,0,0,0,0,0,0,0,0,0,0,0,0,0,0,0,0,0,0,0,1,0,0,0,0,0,0,0,0,0,0,1,0,1,57.0,0,0,0,6,6,0,0,83,0,1,0,0,0,0,1,0,0,0,0,0,0,0,0,0,0,0,0,0,1,1,3,2,80,0,1,38,2,0,0,0,0,0,0,0,0,2,0,0,1,0,0,1,0,0,0,0,1,0,0,0,0,0,1,1,2,0,1,0,0,0,0,1,0,0,0,0,0,2,0,0,1,0,0,0,1,0,0,56,25,0,5,0,0,6,0,0
662,3,1,0,7,1,0,0,1,0,0,0,0,0,0,0,1,0,0,0,0,0,0,1,7,17,2,2,0,0,0,0,1,0,0,1,2,1,0,1,0,0,0,0,3,2,0,2,0,0,0,0,5,0,1,0,0,2,0,1,0,0,0,0,0,0,0,1,0,1,0,0,0,0,0,1,1,1,0,0,0,0,0,1,0,0,1,0,0,1,0,0,0,0,0,0,0,0,1,0,0,1,0,0,0,1,0,0,0,0,0,0,0,0,0,0,0,2,0,0,0,1,0,0,0,0,1,0,0,0,0,0,0,2,0,0,0,1,1,0,1,1,1,0,1,3,0,0,0,0,0,0,0,0,0,0,0,0,0,0,0,0,0,0,0,0,0,0,0,0,0,0,0,0,0,0,0,0,0,0,0,0,0,0,0,0,0,0,0,0,0,0,0,0,29,0,0,0,0,0,0,0,0,0,0,0,0,0,0,0,0,0,0,0,1,1,0,1,0,1,0,1,1,1,1,1,1,1,0.0,1,0,0,0,5,0,0,638,0,0,1,0,0,0,0,0,0,1,0,0,0,0,0,0,0,0,0,1,2,3,2,5,112,1,2,26,0,1,1,0,0,0,0,1,2,0,0,2,0,0,0,0,0,0,0,0,1,2,0,2,1,0,0,2,1,0,1,0,0,0,0,1,0,0,0,1,0,2,0,0,1,0,0,0,0,1,0,40,7,0,5,0,2,7,1,0
1764,1,1,0,2,0,0,0,1,1,0,0,0,0,0,0,0,1,0,0,0,0,0,6,13,32,2,9,0,0,0,0,1,7,0,1,4,0,1,2,0,0,0,0,1,1,0,0,0,3,3,0,4,0,1,0,0,2,1,0,0,0,0,0,12,0,1,0,0,6,7,0,0,0,0,2,1,1,0,0,1,1,0,1,0,0,1,0,0,1,0,0,0,0,0,0,1,0,0,0,1,1,1,0,0,1,0,0,1,0,1,0,0,0,0,0,1,0,0,0,1,1,0,0,1,0,1,0,0,0,1,0,0,1,0,0,0,1,0,0,1,1,1,0,1,3,1,0,0,3,0,0,0,0,0,3,0,0,0,0,0,0,0,0,0,1,2271,2271,1,0,1,0,3,1,1,1,0,0,0,1,1050,1050,1050,0,0,0,0,1,1,0,0,2,1,167,31,0,1,0,0,0,0,1,0,0,1,0,0,0,1,0,0,1,1,1,1,1,0,1,0,1,1,1,1,1,1,1,0,1,57.0,0,0,0,6,6,1,1,570,726,0,1,0,0,0,0,0,1,0,0,0,0,0,0,0,0,0,0,1,2,2,2,3,281,4,2,68,0,2,0,0,0,0,0,0,1,1,0,5,0,1,0,0,1,0,0,0,2,0,0,4,2,0,0,3,1,2,0,0,0,0,0,0,1,0,0,0,0,2,0,0,1,0,0,0,0,0,1,49,23,0,10,0,0,25,2,0
18520,1,1,1,1,0,0,0,1,1,0,0,0,0,0,0,0,1,0,0,0,0,0,3,20,36,4,1,0,0,0,1,5,5,2,0,4,1,0,1,0,0,2,2,4,0,0,0,0,0,0,0,7,0,4,0,2,0,1,0,0,0,0,0,6,0,0,0,0,10,10,1,0,0,0,2,1,0,0,0,0,0,0,1,0,0,1,0,1,0,0,0,0,0,0,0,1,0,0,0,1,1,1,1,0,1,1,0,0,1,0,2,0,0,0,0,1,3,0,1,3,1,0,0,0,0,0,2,0,0,1,1,0,2,0,0,3,0,0,1,1,0,1,0,0,5,0,0,0,0,0,0,0,0,0,0,0,1,1,0,0,0,1,0,1,1,0,1996,0,0,1,0,2,1,1,2,0,0,0,1,0,1184,1913,0,0,0,0,0,0,0,0,1,1,0,51,1,0,0,0,0,0,0,0,0,0,0,0,0,0,0,0,0,0,0,1,1,0,1,0,1,1,1,0,1,0,1,0,0,57.0,0,0,0,6,6,1,1,696,852,1,0,0,0,0,0,0,1,0,0,0,1,1,24,0,0,0,1,0,4,1,3,2,470,0,1,103,5,1,0,0,0,0,0,0,0,2,0,6,0,0,0,0,0,0,1,0,0,4,0,0,0,0,0,11,0,1,0,0,5,0,0,3,0,1,0,0,0,2,0,0,1,0,0,1,0,0,0,113,73,37,0,0,0,3,0,0
1076,1,1,0,2,0,0,0,1,0,0,0,0,1,0,0,1,0,0,0,0,0,0,1,17,20,9,0,1,1,1,3,1,1,0,2,3,0,0,1,1,0,1,0,5,0,1,0,0,4,6,0,14,0,1,0,3,0,0,0,0,0,0,0,0,0,0,0,0,0,3,0,0,0,1,0,1,0,1,0,1,1,0,1,0,0,1,0,1,0,0,0,0,0,0,0,0,0,0,0,0,0,1,0,1,0,0,0,0,0,0,0,0,0,0,0,1,0,0,0,2,1,0,0,0,1,0,0,0,0,1,0,0,2,0,1,0,1,0,0,1,0,1,0,1,2,0,0,0,0,0,0,0,2,0,2,0,0,0,0,0,0,0,0,0,0,0,0,0,0,0,0,2,1,1,0,0,1,0,1,0,1330,0,0,0,0,0,0,0,0,0,0,0,0,57,1,0,0,0,0,0,0,0,0,0,0,0,0,0,0,0,0,0,0,1,1,1,1,1,1,1,1,1,1,0,1,0,0,70.0,0,0,0,6,6,1,0,21,21,0,0,0,0,1,0,0,0,0,0,1,0,0,23,0,0,0,1,1,1,4,6,3,276,1,2,119,0,1,0,0,1,0,0,1,0,0,4,6,0,0,0,0,1,0,0,0,2,1,0,4,2,0,0,4,0,0,1,0,0,0,0,0,1,1,0,0,0,2,0,0,0,3,0,0,0,1,0,53,1,0,4,0,0,4,0,0
349,4,1,0,4,3,1,0,1,0,0,0,0,0,0,1,0,0,0,0,0,0,0,2,7,13,0,1,0,0,0,0,1,1,1,2,3,0,0,2,0,0,0,0,1,0,0,0,0,1,0,0,5,0,0,0,0,0,0,0,0,0,0,0,4,0,0,0,0,0,3,0,0,0,0,2,1,0,0,0,1,0,0,1,0,0,0,0,0,0,0,0,0,0,0,0,1,0,0,0,0,0,1,0,0,1,1,0,0,0,1,0,1,0,1,2856,0,0,0,0,2,0,0,0,0,0,0,0,0,0,0,0,0,2,0,0,0,0,0,0,0,0,1,0,0,1,0,0,0,0,0,0,0,0,0,0,0,1,1,0,0,0,2,0,0,1,0,511,1,0,0,0,2,1,1,0,0,0,0,1,1104,2258,0,0,0,0,0,2,1,0,0,2,1,3878,52,0,1,1,0,0,1,0,1,0,0,1,1,0,1,3,1,1,1,0,1,1,1,1,1,1,1,1,0,1,1,1,0,1,57.0,0,0,0,6,6,2,0,56,0,0,1,0,0,0,0,0,1,0,0,0,0,0,0,0,0,0,0,0,1,0,5,3,91,0,1,5,0,1,0,0,0,0,0,1,0,0,0,1,1,0,0,0,0,0,2,1,0,1,0,0,0,0,0,1,0,0,0,0,0,0,0,0,0,0,0,1,0,2,0,0,1,0,0,0,0,0,0,0,0,0,3,0,0,5,2,1
6117,1,1,1,1,0,0,0,1,0,0,1,0,0,0,0,1,0,0,0,0,0,0,5,9,16,0,3,0,1,1,0,6,3,2,0,3,0,1,2,0,0,4,1,2,0,2,1,0,0,1,1,6,0,3,0,2,1,0,1,0,0,0,0,2,1,1,0,0,9,2,1,0,0,2,0,1,0,1,0,0,1,1,1,0,0,1,0,1,1,0,0,0,0,0,0,1,1,0,0,1,1,1,1,1,0,0,0,0,0,0,0,1,0,0,4295,0,1,1,0,1,0,0,0,1,0,1,0,0,0,0,0,0,3,0,0,1,1,0,1,1,0,1,1,1,3,1,0,0,1,1,1,0,0,0,1,1,0,0,0,0,0,0,0,0,0,0,0,0,0,0,0,1,1,0,0,0,1,0,1,0,0,0,0,0,1,0,1,1,0,0,1,1,2596,56,1,0,0,0,1,0,1,1,1,0,1,0,0,1,1,0,0,1,1,1,1,0,0,1,1,0,0,1,0,0,1,0,1,57.0,1,0,0,5,0,1,1,1136,1292,0,1,0,1,0,0,0,0,1,0,0,1,1,33,0,1,1,0,1,1,3,6,4,191,0,1,99,0,3,1,0,0,0,0,1,2,1,0,5,0,0,0,1,1,0,0,0,1,2,0,0,1,0,0,4,0,0,1,0,0,0,0,2,0,0,0,1,0,2,0,0,1,0,0,0,0,0,0,0,10,0,1,0,1,1,10,0
247,4,0,0,8,3,0,0,0,0,0,1,0,0,0,0,0,0,0,0,1,0,0,4,9,16,5,2,0,0,0,0,7,0,0,2,1,1,2,0,0,0,2,0,1,0,4,0,0,3,0,0,8,0,0,0,0,0,0,2,0,0,0,2,0,3,0,0,0,6,1,0,0,2,2,0,1,0,1,0,1,0,0,1,0,1,0,0,0,0,0,0,0,0,0,1,0,1,0,0,0,1,1,0,1,0,1,1,1,0,1,0,0,0,0,0,0,0,0,1,0,0,0,0,0,0,0,0,0,0,0,0,0,0,0,0,0,1,0,0,1,0,0,0,0,1,0,1,0,0,0,1,2,3,0,2,0,1,1,0,0,0,1,0,0,1,0,191,0,0,0,0,1,1,1,0,0,0,0,1,0,1314,0,0,0,0,0,1,1,0,0,3,1,799,51,1,0,1,1,1,0,1,1,0,0,1,1,1,0,0,1,1,1,1,1,0,0,0,0,0,1,0,0,1,0,1,1,1,57.0,0,0,1,6,6,1,1,492,492,0,1,0,0,0,0,0,1,0,0,0,0,0,21,0,0,0,1,0,0,0,5,8,291,0,1,7,0,0,4,0,0,3,3,0,0,0,0,7,2,1,0,0,0,0,1,0,1,0,0,1,0,0,0,3,0,0,0,0,0,0,0,0,0,1,0,0,0,2,0,0,1,1,0,0,0,0,0,39,0,0,3,0,0,11,29,0
8568,1,1,1,1,0,0,0,1,0,0,0,0,0,0,0,0,1,0,0,0,0,0,6,7,19,1,2,0,0,2,2,11,7,0,0,4,0,0,2,0,2,1,2,3,0,2,1,0,1,0,0,9,1,0,0,4,0,0,0,0,1,0,1,0,2,0,0,0,12,2,0,0,0,3,4,1,0,1,0,1,0,0,1,1,0,0,0,1,0,0,0,1,0,0,1,0,1,0,0,0,1,1,0,1,1,0,0,0,0,0,0,0,0,0,0,1,2,0,0,0,0,0,0,0,1,0,1,0,0,1,0,0,0,0,1,0,1,0,0,1,0,1,0,1,4,0,0,0,0,1,0,0,0,0,0,1,0,0,0,0,0,0,0,0,0,0,0,0,0,0,0,0,0,0,0,0,0,0,0,0,0,0,0,0,0,0,0,0,0,0,0,0,0,60,1,0,1,1,1,1,1,0,1,0,0,1,1,1,2,1,1,1,1,0,0,0,0,0,0,0,0,0,0,0,1,0,0,57.0,0,0,0,0,0,0,0,696,0,0,0,0,0,0,1,0,0,0,0,0,1,1,40,0,1,0,0,1,2,3,4,4,246,4,2,39,0,0,1,0,1,0,0,1,0,0,1,12,0,0,0,0,0,0,0,0,2,2,0,4,1,0,0,3,0,0,1,0,0,0,0,0,0,0,0,0,1,2,0,0,1,2,0,0,0,2,0,26,11,11,0,0,0,0,80,0
22408,1,1,1,1,0,0,0,1,1,0,0,0,0,0,0,0,1,0,0,0,0,0,3,13,19,2,0,0,0,0,0,1,1,0,4,3,1,0,2,0,0,1,0,3,1,1,0,0,0,0,0,5,2,2,0,1,0,0,1,0,1,0,0,2,0,0,0,3,1,3,0,0,0,0,0,1,1,1,0,0,0,0,1,1,1,1,0,1,0,0,0,1,0,0,0,1,0,0,0,0,1,1,0,0,0,0,0,0,0,0,0,0,0,0,0,2,2,0,0,2,0,0,1,0,1,0,0,2,0,2,0,0,4,0,0,0,0,0,1,1,0,1,0,1,4,0,0,0,0,0,0,0,0,0,0,0,0,0,0,0,0,0,0,0,0,0,0,0,0,0,0,0,0,0,0,0,0,0,0,0,0,0,0,0,1,1,2,1,0,0,3,1,4444,61,0,0,0,0,0,0,0,0,0,0,0,0,0,0,0,0,0,0,0,0,0,0,0,0,0,0,0,0,0,0,1,0,0,0.0,0,0,0,0,0,1,0,367,367,0,0,0,0,0,1,0,0,0,0,0,0,0,0,0,0,0,0,1,3,0,8,4,256,0,1,65,2,1,0,2,0,1,1,0,0,1,0,1,1,1,0,1,1,0,0,0,1,0,0,0,2,0,1,4,0,0,0,0,2,0,0,0,0,0,0,1,0,2,0,0,1,0,0,0,0,0,0,99,56,0,0,0,0,1,0,0
557,3,1,0,6,0,2,0,1,0,0,0,0,0,1,0,0,0,0,0,0,0,0,2,4,25,0,0,0,0,0,0,3,0,0,2,5,0,0,3,0,0,0,0,6,1,0,0,0,0,0,0,2,0,0,0,0,0,0,0,0,0,0,0,5,0,0,1,1,0,4,1,0,0,0,1,1,1,0,0,0,0,0,1,0,0,0,0,0,0,0,0,0,0,0,0,1,0,1,0,0,0,1,1,0,1,0,0,0,0,0,0,0,0,0,0,0,0,0,0,3,0,1,1,0,0,0,1,0,0,0,0,0,2,0,4,0,0,0,0,0,0,1,1,2,3,0,0,0,0,1,0,0,0,0,0,1,0,0,0,0,0,0,0,0,0,0,0,0,0,1,0,2,1,1,1,0,0,0,1,0,1077,257,0,0,1,0,1,1,0,0,1,1,1306,45,0,1,1,0,0,0,1,1,0,1,0,0,0,0,4,0,1,1,1,1,1,1,1,1,1,1,1,1,1,1,1,0,1,1.0,0,0,0,6,6,0,0,28,0,0,1,0,1,0,0,0,0,1,0,0,0,0,0,0,0,0,0,0,4,11,12,2,179,6,2,26,7,2,0,0,0,0,0,0,0,1,0,0,0,0,0,0,1,0,0,0,2,0,0,5,0,1,1,1,0,1,0,1,4,0,0,3,0,0,1,0,1,2,0,0,1,0,0,0,0,3,0,80,56,0,4,0,0,5,4,0
748,4,1,0,4,0,3,0,1,0,0,0,0,0,0,0,0,1,0,0,0,0,0,5,12,20,2,4,0,1,0,0,0,0,2,2,5,1,3,1,0,0,0,0,1,0,5,0,0,0,1,0,14,0,0,0,0,0,0,2,0,0,0,5,0,1,0,0,0,2,3,0,0,0,0,0,1,0,1,0,0,1,0,1,0,0,0,0,0,0,0,0,0,0,0,1,0,1,0,0,0,1,1,0,0,0,0,0,0,0,0,0,0,0,0,0,0,0,0,0,0,0,0,0,1,0,0,0,0,0,0,0,0,0,0,0,1,0,1,1,0,1,0,0,1,2,0,0,0,0,0,0,0,0,0,0,0,0,0,0,0,0,0,0,0,0,0,0,1,0,0,0,2,1,1,0,0,0,0,1,1088,1088,0,0,0,0,0,0,0,0,0,0,0,0,60,0,0,0,0,0,0,1,0,0,1,1,0,0,1,0,0,0,1,1,1,0,0,0,0,1,0,0,0,1,0,1,1,1,99.0,0,0,0,6,6,0,0,710,0,0,0,0,0,1,0,0,0,0,0,0,0,0,0,0,0,0,0,1,1,0,6,4,248,0,1,196,0,0,1,0,0,1,0,2,0,0,0,4,1,1,0,0,0,0,0,0,1,4,0,2,1,0,0,4,0,0,0,0,0,0,0,0,0,0,1,0,1,2,0,0,2,0,0,0,0,1,0,37,7,0,3,0,0,3,0,0
3065,1,1,1,1,0,0,0,1,0,0,0,0,0,0,0,1,0,0,0,0,0,0,1,10,12,2,1,0,0,0,0,3,1,0,4,1,2,1,1,0,0,1,1,3,0,1,0,0,0,0,0,8,1,1,0,0,0,1,1,0,0,0,0,1,1,0,0,0,4,0,0,0,0,0,0,1,0,1,0,0,0,0,1,1,1,1,0,0,0,0,0,0,0,0,0,1,1,0,0,0,1,0,0,0,0,0,0,0,0,0,0,0,0,0,0,0,1,0,0,1,0,0,0,0,0,0,1,0,0,0,0,0,1,0,0,1,0,0,1,0,0,1,0,1,1,0,0,0,0,0,0,0,0,0,0,0,0,0,0,0,0,0,0,0,0,0,0,0,1,0,0,2,1,0,0,0,1,0,1,0,0,0,0,0,0,0,1,1,0,0,1,1,622,32,0,1,1,0,0,1,0,1,0,0,0,0,0,0,1,1,1,1,1,1,1,0,1,0,1,1,1,1,1,0,1,0,1,99.0,1,0,1,4,5,0,0,570,0,0,0,1,0,1,0,0,0,0,0,1,0,0,0,0,0,0,0,2,3,1,7,4,158,1,2,151,0,0,0,0,0,0,0,2,0,0,0,5,0,1,0,0,0,0,0,0,1,5,1,4,1,0,2,3,0,0,1,0,1,0,0,0,0,0,0,0,1,2,0,0,1,0,0,0,0,2,0,26,8,0,2,0,2,2,0,0
1665,3,1,0,4,0,0,0,1,0,0,1,0,0,0,1,0,0,0,0,0,0,0,2,13,22,9,6,0,0,0,0,4,3,0,0,1,0,0,0,0,0,0,0,1,2,0,2,0,0,0,0,3,2,1,0,1,2,0,0,0,0,0,2,21,1,0,0,0,0,5,0,0,0,0,1,1,1,0,0,0,0,0,1,1,0,1,0,1,1,0,0,0,0,0,1,1,1,0,0,0,0,1,0,0,1,0,0,0,0,0,0,0,0,0,0,0,0,0,0,1,0,0,0,1,0,0,0,0,0,0,0,0,1,0,0,1,0,0,1,0,0,1,0,0,1,0,0,0,0,0,0,0,0,0,0,0,0,0,0,0,0,0,0,0,0,0,0,0,0,1,0,1,1,0,1,0,0,0,1,0,0,408,0,1,0,0,1,1,0,0,1,1,2719,56,0,0,0,0,0,0,0,0,0,0,0,0,0,0,0,0,0,0,0,0,0,0,0,0,0,0,0,0,0,0,1,0,0,0.0,0,0,0,0,6,0,0,1007,0,0,0,0,0,0,1,0,0,0,0,0,0,0,0,0,0,0,0,0,0,5,5,2,1,0,0,0,0,0,0,0,0,0,0,0,0,2,0,0,0,0,0,0,0,0,0,0,0,0,0,0,0,0,0,2,0,0,1,0,1,0,0,2,0,0,0,0,1,2,0,0,1,0,0,0,0,0,0,56,11,0,1,0,9,2,2,0
16238,1,1,1,1,0,0,0,1,0,0,0,0,1,0,0,1,0,0,0,0,0,0,1,7,13,1,2,0,0,0,0,1,1,1,4,4,0,0,2,0,0,0,0,3,1,0,0,0,0,0,1,4,0,0,0,0,0,0,0,0,0,0,0,3,0,0,0,0,1,4,0,0,0,0,0,1,1,0,0,0,0,1,1,0,0,0,0,0,0,0,0,0,0,0,0,1,0,0,0,0,1,1,0,0,0,0,0,0,0,0,0,0,0,0,0,0,1,0,0,1,1,0,0,0,0,0,2,0,0,0,0,0,0,0,1,1,0,0,1,0,0,1,0,0,1,0,0,0,0,0,0,0,0,0,0,0,0,0,0,0,0,0,0,0,0,0,0,0,0,0,0,0,0,0,0,0,0,0,0,0,0,0,0,0,0,1,1,1,0,0,1,1,1198,45,1,0,0,0,1,0,1,1,0,0,0,0,0,0,3,0,0,1,1,1,1,1,0,1,1,1,1,1,1,1,1,0,1,0.0,1,0,1,2,2,0,0,787,0,0,0,0,0,0,1,0,0,0,0,0,0,0,0,0,0,0,0,1,2,0,8,2,67,3,2,22,2,1,0,0,0,0,0,0,0,1,0,0,2,0,0,0,1,0,0,0,2,0,0,5,1,0,0,4,0,0,0,0,2,0,0,3,1,0,0,0,0,2,0,0,1,0,0,0,0,4,0,78,72,0,0,0,0,0,0,0
1138,2,0,0,3,1,0,0,0,0,0,1,0,0,0,0,0,0,0,0,1,0,0,9,6,42,9,1,0,0,0,0,3,8,5,0,5,1,0,0,0,0,0,7,1,0,2,0,0,3,0,0,2,0,1,0,0,0,0,2,0,0,0,8,10,1,0,0,0,5,1,1,0,2,2,2,1,0,1,0,1,0,0,1,0,0,1,0,0,0,0,0,0,0,0,1,1,1,0,0,1,1,1,1,1,1,1,1,1,0,1,0,0,0,0,0,0,0,0,0,1,0,0,1,0,0,0,0,0,0,0,0,0,0,0,2,0,0,0,0,0,0,1,0,0,0,1,0,0,1,0,0,0,0,0,1,0,1,1,0,0,0,1,0,0,1,0,202,1,0,1,0,2,1,0,1,0,0,0,1,2626,0,2626,0,0,0,0,0,0,0,0,1,1,0,40,0,0,1,0,0,0,1,1,0,1,0,0,0,0,0,0,0,1,1,1,0,0,1,1,1,1,1,1,1,1,1,1,1,57.0,0,0,0,6,6,1,1,965,1121,0,1,0,0,0,0,0,1,0,0,0,0,0,0,0,0,0,0,0,1,0,9,5,480,0,1,17,0,1,1,0,0,2,1,1,0,1,0,3,0,0,0,0,0,0,1,0,0,2,0,0,0,1,0,2,0,0,0,0,0,0,1,0,0,1,0,0,1,2,0,0,2,0,0,0,0,0,1,7,0,0,1,0,0,5,4,0
377,1,1,1,1,0,0,0,1,1,0,0,0,0,0,0,0,1,0,0,0,0,0,1,1,7,0,0,0,0,0,0,0,0,1,1,6,0,0,2,0,0,0,0,1,0,0,1,0,0,0,0,1,0,0,0,0,0,0,0,0,0,0,1,0,0,0,0,0,0,0,0,0,0,0,0,1,0,0,0,0,0,0,1,0,0,0,0,0,0,0,0,0,0,0,1,0,0,0,0,0,0,0,0,0,0,0,0,0,1,0,1,0,0,0,0,0,0,0,0,0,1,0,0,0,0,0,0,0,0,0,0,0,1,0,0,0,0,0,0,0,0,1,0,0,0,0,0,0,0,0,0,0,0,0,0,0,0,0,0,0,1,0,0,0,1,0,371,0,0,0,0,0,0,0,0,0,0,0,0,0,0,0,0,0,0,0,1,1,0,0,1,1,370,37,0,0,0,0,0,0,0,0,0,0,0,0,0,0,0,0,0,0,0,0,0,0,0,0,0,0,0,0,0,0,0,0,0,0.0,0,0,0,0,4,0,0,34,0,0,0,0,0,0,1,0,0,0,0,0,0,0,0,0,0,0,0,0,3,0,5,2,22,6,2,22,0,1,0,0,0,0,0,0,0,0,0,0,1,0,0,0,1,0,1,0,1,0,0,5,0,0,0,1,0,0,0,0,0,0,0,0,0,0,0,0,0,2,1,0,1,0,0,0,0,4,0,18,6,0,0,0,0,0,0,0
2868,1,1,0,2,0,0,0,1,0,1,0,0,0,0,1,0,0,0,0,0,0,0,2,7,37,3,4,0,0,3,0,4,4,0,2,3,0,0,1,0,0,1,1,5,0,0,0,0,0,6,0,4,0,1,0,0,0,0,0,0,0,0,2,2,2,0,0,0,3,9,0,0,0,1,0,1,0,0,0,0,1,0,1,0,0,1,0,0,0,0,0,0,0,0,1,1,1,0,0,1,1,1,0,1,0,0,0,1,0,1,0,0,0,0,0,1,0,0,1,3,0,0,0,0,1,0,0,0,0,1,0,0,2,0,2,0,1,0,0,1,0,1,0,1,2,0,0,0,0,0,0,0,0,0,0,0,0,0,1,0,0,0,0,0,1,0,2786,0,0,1,0,2,1,1,1,0,0,0,1,0,4037,4037,0,1,0,0,1,1,0,0,1,1,1603,41,0,1,1,0,0,1,0,1,0,0,1,1,0,0,3,1,1,1,0,1,1,1,1,1,1,1,1,1,1,0,1,0,0,57.0,1,1,1,6,5,1,1,1281,1437,1,0,0,0,0,0,1,0,0,0,0,0,0,0,0,0,0,0,1,1,3,4,2,209,1,2,85,1,2,0,0,1,0,0,0,0,1,0,5,1,0,0,2,1,0,0,0,2,1,0,1,1,0,0,2,0,1,0,0,1,0,0,1,0,0,0,0,0,2,0,0,1,0,0,0,0,0,0,125,59,0,18,1,11,37,10,0
1111,3,0,1,2,1,0,0,0,0,0,1,0,0,0,0,0,0,0,0,1,0,0,10,9,21,1,3,0,0,1,0,3,0,1,0,0,0,0,0,0,0,0,0,4,0,1,2,0,2,2,0,8,0,1,0,1,0,0,1,0,0,0,2,0,1,0,0,0,2,0,1,0,0,5,1,1,0,1,0,1,1,0,1,0,0,1,0,1,0,0,0,0,0,0,1,0,1,0,0,1,1,0,1,1,1,0,0,0,0,0,0,0,0,0,0,0,0,0,1,2,0,0,0,0,1,0,0,0,0,1,0,0,2,1,0,0,0,0,0,1,0,1,0,1,3,0,0,0,0,0,0,0,0,0,0,1,0,0,0,0,0,0,0,0,0,0,0,1,0,1,0,3,1,1,1,0,0,0,1,2219,1386,2219,0,0,0,0,0,0,0,0,0,0,0,37,0,1,0,0,0,1,1,1,0,1,0,1,0,1,2,1,1,1,1,1,1,1,0,1,1,1,1,0,1,1,1,1,1,57.0,1,1,0,6,6,1,1,855,1080,0,1,0,0,0,0,0,1,0,0,0,0,0,0,0,0,0,0,2,0,4,7,4,422,0,1,0,0,2,0,0,0,1,1,0,0,0,0,5,0,1,0,0,0,0,0,0,1,0,0,1,3,0,0,4,0,0,1,0,1,0,0,0,0,0,0,0,0,2,1,0,0,2,0,0,0,0,0,60,6,0,0,0,0,0,0,0
797,3,1,0,3,0,1,0,1,0,0,1,0,0,1,0,0,0,0,0,0,0,0,3,7,8,5,2,0,0,1,0,2,2,0,1,0,0,0,0,0,0,0,0,0,0,1,0,0,6,0,0,5,1,0,0,0,0,0,2,0,0,0,0,0,1,0,0,0,4,1,1,0,0,0,3,0,0,1,0,1,0,0,1,1,0,0,0,0,0,0,0,0,0,0,0,0,1,0,0,0,1,1,1,0,1,0,0,0,0,0,0,0,0,0,0,0,0,0,0,1,0,0,0,1,0,0,1,0,0,0,0,0,0,1,0,0,0,0,0,0,0,1,0,0,0,0,0,0,0,0,0,0,0,0,0,0,0,0,0,0,0,0,0,0,0,0,0,0,0,0,0,5,1,0,0,1,0,0,1,0,0,0,0,0,0,0,0,0,0,0,0,0,0,51,0,1,1,0,1,0,1,1,1,1,0,0,0,1,2,0,1,1,1,1,0,0,1,1,1,1,1,0,1,1,1,0,0,0.0,1,0,0,1,0,0,0,670,0,1,0,0,0,0,0,1,0,0,0,0,0,0,0,0,0,0,0,0,1,2,5,4,0,0,0,0,0,0,0,0,0,1,1,0,0,0,0,0,1,0,0,0,0,0,0,0,0,0,0,0,0,0,0,1,0,0,1,0,0,0,0,0,1,0,0,0,0,2,1,0,1,0,0,1,0,0,0,25,7,0,1,0,0,1,12,0
1401,1,1,0,2,0,0,0,1,0,0,1,0,0,0,0,0,0,0,1,0,0,0,3,14,59,10,1,0,0,0,0,13,7,0,0,1,0,0,0,0,0,0,1,1,1,0,0,0,0,0,0,3,0,0,0,0,1,0,0,0,2,0,0,38,0,0,0,0,0,10,3,0,0,0,2,1,1,0,0,0,0,0,1,0,1,0,0,0,1,0,0,1,0,0,0,1,0,0,1,1,0,1,1,0,1,0,0,0,0,0,0,1,0,0,4717,0,0,0,0,1,2,1,3,1,0,0,1,0,0,0,0,0,2,0,5,1,0,0,1,0,0,1,0,0,2,0,0,1,0,1,0,0,0,1,0,1,0,0,0,0,0,0,0,0,0,0,0,1,0,1,0,2,1,0,1,0,0,0,1,2047,0,951,0,0,0,0,0,0,0,0,0,0,0,44,0,1,0,0,0,0,1,1,0,1,1,1,0,0,0,0,1,1,1,1,1,0,1,0,1,1,1,0,0,1,1,0,1,57.0,0,0,0,0,6,1,1,77,233,0,1,0,1,0,0,0,0,1,0,0,0,0,0,0,0,0,0,0,4,2,15,3,431,0,1,43,5,3,0,0,0,0,0,1,3,2,0,1,0,0,0,0,1,0,0,0,0,1,0,0,0,1,0,2,0,0,0,0,0,1,0,6,0,0,0,1,0,2,0,0,1,0,0,0,2,0,0,49,25,0,0,0,2,0,0,0
1363,1,1,1,1,0,0,0,1,0,0,1,0,0,0,1,0,0,0,0,0,0,0,1,4,6,3,4,0,0,0,0,0,2,0,0,1,3,4,1,0,0,0,1,3,0,1,1,0,2,5,0,2,1,0,0,0,0,0,2,0,0,0,1,0,0,0,0,0,0,0,0,0,0,0,0,1,0,1,0,1,1,0,1,1,0,0,0,0,0,0,0,0,0,0,1,0,0,0,0,0,0,0,0,0,0,0,0,0,0,0,0,0,0,0,0,0,0,0,1,0,0,0,0,0,0,0,0,0,0,0,0,0,0,0,0,0,1,0,0,1,0,0,0,0,1,0,0,0,0,0,0,0,0,0,0,0,0,0,0,0,0,0,0,0,0,0,0,0,0,0,0,0,0,0,0,0,0,0,0,0,0,0,0,0,0,0,0,0,0,0,0,0,0,63,0,0,0,0,0,0,0,0,0,0,0,0,0,0,0,0,0,0,0,0,0,0,0,0,0,0,0,0,0,0,1,0,1,19.0,0,0,0,0,0,1,0,82,82,0,0,0,0,0,1,0,0,0,0,0,0,0,0,0,0,0,0,0,2,0,4,4,194,1,2,111,0,0,1,0,0,0,0,1,0,0,0,3,0,0,0,0,0,0,0,0,1,3,0,3,1,0,0,3,0,0,0,0,0,0,0,0,0,1,0,0,0,2,0,0,1,0,0,0,0,1,0,49,13,0,5,0,0,7,4,0